4d528bb4-dc2b-4fff-8840-b2e95a2345d3,1663328266779117797,1663328267951311256,1.172193182s,SUCCEEDED,true,Write,0,0,0,0
2f7e24b2-27a2-40aa-b3a1-d48e34dc6781,1663328268680337865,1663328269748957423,1.068619261s,SUCCEEDED,true,Write,0,0,0,0
0eac3d2d-04a9-45fb-87b3-c737ab0c1a0c,1663328276176800086,1663328277450144480,1.273344101s,SUCCEEDED,true,Write,0,0,0,0
d7d969fe-d62d-4b2a-9cb3-a0b1f15ae2c2,1663328296879515295,1663328297950517499,1.071001875s,SUCCEEDED,true,Write,0,0,0,0
1ee00a4e-7316-4c9e-b225-cc784464eee6,1663328263180124219,1663328264256358271,1.076233824s,SUCCEEDED,true,Write,0,0,0,0
93e426d3-9206-4a97-8690-86488dbb066d,1663328286780378300,1663328287952510922,1.172132265s,SUCCEEDED,true,Write,0,0,0,0
732712a8-9a06-43e4-af70-e87826efe5f8,1663328313979149814,1663328315249439309,1.270289157s,SUCCEEDED,true,Write,0,0,0,0
33ecaaa8-0071-4947-ba16-ee1bf0e57c6f,1663328320279992831,1663328321448865193,1.168871936s,SUCCEEDED,true,Write,0,0,0,0
c7862030-b42c-4528-9068-d8997a5e5c0f,1663328271278336573,1663328272451858400,1.173521593s,SUCCEEDED,true,Write,0,0,0,0
b59f2d0c-7f32-441d-90d6-e348adb4edb7,1663328280776836932,1663328281949699912,1.172862706s,SUCCEEDED,true,Write,0,0,0,0
842506ac-1291-4d60-bd8d-841b5f641817,1663328292276398911,1663328293451773525,1.17537434s,SUCCEEDED,true,Write,0,0,0,0
84430f03-a5d0-454d-a31f-343813bed6e6,1663328280079130980,1663328281153580333,1.07444906s,SUCCEEDED,true,Write,0,0,0,0
bedf4f9b-4199-4363-b8e5-2c809b15837b,1663328299377405024,1663328300443229619,1.06582431s,SUCCEEDED,true,Write,0,0,0,0
79faa3e7-b2d7-4ccc-8922-357a36df4c48,1663328304477473865,1663328305654199605,1.176725453s,SUCCEEDED,true,Write,0,0,0,0
59400c4d-420e-4533-95ce-d5b9884a5018,1663328318884145772,1663328319952456925,1.068310857s,SUCCEEDED,true,Write,0,0,0,0
16a93f13-abac-4271-a735-e14e8d30a6cd,1663328319479773964,1663328320469601801,989.827395ms,SUCCEEDED,true,Write,0,0,0,0
fed19d4b-3d72-4804-bd7e-0a832573f5b5,1663328268780500776,1663328269953855793,1.173354617s,SUCCEEDED,true,Write,0,0,0,0
728cb734-c968-4771-97f1-11674054f41c,1663328286480528176,1663328287751277578,1.270749152s,SUCCEEDED,true,Write,0,0,0,0
a261bd0f-9064-46c4-abcc-ee044facdc81,1663328290380439125,1663328291445151770,1.064712288s,SUCCEEDED,true,Write,0,0,0,0
1158e0c7-1380-475c-930e-56d3228f3318,1663328294878395186,1663328295957117686,1.078722133s,SUCCEEDED,true,Write,0,0,0,0
93b15ad6-a73b-4d63-9a05-b20d90765596,1663328295677375769,1663328296757506652,1.080130504s,SUCCEEDED,true,Write,0,0,0,0
51713ebc-cb3c-4a39-b675-bb391a3465e8,1663328262276627541,1663328263456169733,1.179541843s,SUCCEEDED,true,Write,0,0,0,0
d830d0f7-80d4-45e9-bfb1-b385f4a8651f,1663328273180534181,1663328274170791899,990.257407ms,SUCCEEDED,true,Write,0,0,0,0
c7fb8b27-4897-4921-a082-614ff5c65641,1663328294677576883,1663328295958054021,1.280476784s,SUCCEEDED,true,Write,0,0,0,0
10e2f6ee-c76e-472a-9c11-cba3bf1f65e3,1663328319680180455,1663328320750798724,1.070617963s,SUCCEEDED,true,Write,0,0,0,0
447b56c9-b364-42ac-9d07-56a9885314e5,1663328298879280359,1663328299952499413,1.073218669s,SUCCEEDED,true,Write,0,0,0,0
b08c4417-2694-4450-b14a-305e4c232102,1663328301079158160,1663328302257236230,1.178077761s,SUCCEEDED,true,Write,0,0,0,0
827bbfea-778d-4fb1-b912-5b55a7b5ec3d,1663328308078260144,1663328309153661930,1.075401522s,SUCCEEDED,true,Write,0,0,0,0
a6da584a-2be9-461a-be1e-42366e044447,1663328309781009815,1663328310948358051,1.167347762s,SUCCEEDED,true,Write,0,0,0,0
774f9efa-d5e5-4041-a1a3-7816ca0c9827,1663328296380148390,1663328297453455971,1.073307288s,SUCCEEDED,true,Write,0,0,0,0
557a27c3-2761-4d2f-aea2-3fbe67bcbf4b,1663328307581078260,1663328308646895246,1.065816578s,SUCCEEDED,true,Write,0,0,0,0
63f141c9-485e-477b-95e6-e06b760cfb48,1663328310680182806,1663328311650338560,970.155402ms,SUCCEEDED,true,Write,0,0,0,0
fb8091d3-eadb-4351-9f45-cf18ed5ccd3d,1663328268281157459,1663328269455388413,1.174230169s,SUCCEEDED,true,Write,0,0,0,0
8cb5db85-e46b-4706-bf51-a47543eed249,1663328274881148748,1663328276152722196,1.271573125s,SUCCEEDED,true,Write,0,0,0,0
5a51a6ca-f1ec-4526-ad7e-0e7aa2c82cba,1663328278178140613,1663328279451499486,1.273358522s,SUCCEEDED,true,Write,0,0,0,0
bd1630b7-dda8-4442-aa91-23bc14796a09,1663328280180086070,1663328281453937920,1.273851493s,SUCCEEDED,true,Write,0,0,0,0
2ed26382-0d19-4784-b584-73c6513276e4,1663328283880907013,1663328284954872503,1.073965097s,SUCCEEDED,true,Write,0,0,0,0
5c0eaf3d-2100-4196-911c-e9ad3f046994,1663328264679493724,1663328265955040212,1.275546212s,SUCCEEDED,true,Write,0,0,0,0
ac59c685-f859-4d35-a5dd-b44fea16be6b,1663328290180694070,1663328291358368615,1.177674266s,SUCCEEDED,true,Write,0,0,0,0
7e4cd150-94cb-4afb-a362-b822e4ddba5f,1663328302178074159,1663328303453226066,1.275151637s,SUCCEEDED,true,Write,0,0,0,0
6cbf572a-da03-4550-be84-440e48272801,1663328309980977234,1663328311145459218,1.164481617s,SUCCEEDED,true,Write,0,0,0,0
41ab4bf7-493d-4411-b5dd-6879c3fd5540,1663328312079893339,1663328313248757580,1.168863896s,SUCCEEDED,true,Write,0,0,0,0
c84c7599-a428-4bb1-8472-fc6db99e715c,1663328266979050357,1663328268148982839,1.169932104s,SUCCEEDED,true,Write,0,0,0,0
a5e0d86a-d8ca-4b24-aba1-f93dc81372cd,1663328273878615994,1663328275149186611,1.270570321s,SUCCEEDED,true,Write,0,0,0,0
b20bcdb2-524e-499b-9f0f-8ed373431498,1663328281378682575,1663328282452518308,1.073835481s,SUCCEEDED,true,Write,0,0,0,0
24b78601-7b5d-4faf-8703-a2c209ebb31e,1663328289579528960,1663328290655976248,1.076446987s,SUCCEEDED,true,Write,0,0,0,0
5f188059-7d42-4bbf-9874-3f1623ca6c0c,1663328302878752216,1663328304055677005,1.176924483s,SUCCEEDED,true,Write,0,0,0,0
35d0b949-9eb6-4f6d-b8e7-0a8324525ac3,1663328267580768708,1663328268648753456,1.067984383s,SUCCEEDED,true,Write,0,0,0,0
716270ca-2bad-484d-b59b-0bf705c6712d,1663328278580197468,1663328279653104140,1.072906406s,SUCCEEDED,true,Write,0,0,0,0
a296c54f-938e-4c8d-9740-62a0dd832ec6,1663328281277378885,1663328282452139642,1.17476041s,SUCCEEDED,true,Write,0,0,0,0
95c7c3b7-77a3-409a-a4c1-d52c217c8b97,1663328287179630239,1663328288269002657,1.08937209s,SUCCEEDED,true,Write,0,0,0,0
9f65b5ca-230f-4f2d-9fa3-3c084c8481be,1663328291478600259,1663328292649414066,1.170813446s,SUCCEEDED,true,Write,0,0,0,0
ba173bee-3e21-4595-a332-5ff22c6a9f15,1663328296176834294,1663328297456077388,1.279242964s,SUCCEEDED,true,Write,0,0,0,0
cae97f94-5541-4c36-b29a-d5717730b8d5,1663328299981660189,1663328300972156355,990.495735ms,SUCCEEDED,true,Write,0,0,0,0
3b537325-e183-4e33-83be-7ab7fe061677,1663328314979868059,1663328316146650655,1.166782214s,SUCCEEDED,true,Write,0,0,0,0
bd08e424-e162-4c0e-8226-9a0d6a366999,1663328263079001030,1663328264255990408,1.176989112s,SUCCEEDED,true,Write,0,0,0,0
e818204a-e942-4ae2-a29e-a20cb5c276cc,1663328265080997145,1663328266250494632,1.16949708s,SUCCEEDED,true,Write,0,0,0,0
11e63d6b-5a5f-4754-b0ec-79672ee838e2,1663328279180903774,1663328280171860095,990.956016ms,SUCCEEDED,true,Write,0,0,0,0
84ee9c6a-e87c-4f50-acfa-ca306eafb557,1663328280680427946,1663328281650266530,969.838227ms,SUCCEEDED,true,Write,0,0,0,0
249de8be-87f1-4df0-9036-a57735c6053e,1663328288778916678,1663328289952575988,1.173659062s,SUCCEEDED,true,Write,0,0,0,0
0f3f7ab4-3e4f-4622-9d2b-ded35eb91170,1663328315679837777,1663328316756834267,1.076996198s,SUCCEEDED,true,Write,0,0,0,0
27ec6466-f6d2-49e7-85e0-a0bb34c2af23,1663328303579350752,1663328304648979268,1.069628087s,SUCCEEDED,true,Write,0,0,0,0
912e77f9-a55b-4124-b640-c4c5185c275b,1663328311579591583,1663328312649333947,1.069742088s,SUCCEEDED,true,Write,0,0,0,0
d542d77a-9ca7-48b3-a3e7-83a9a0eaf434,1663328315076854176,1663328316152509326,1.075654884s,SUCCEEDED,true,Write,0,0,0,0
cff93f34-19db-4779-82b3-f0ff70870e4a,1663328316476746669,1663328317650594046,1.173846986s,SUCCEEDED,true,Write,0,0,0,0
649b4017-4609-4d78-ba40-fec4c47ea516,1663328304680641530,1663328305855325707,1.174683904s,SUCCEEDED,true,Write,0,0,0,0
0f877878-61d8-4953-82ab-d74cf6786eec,1663328269981667377,1663328270970493475,988.825752ms,SUCCEEDED,true,Write,0,0,0,0
adc5018a-7ce5-4ec5-b6d7-4a246dcd7487,1663328277280187199,1663328278449699928,1.169512492s,SUCCEEDED,true,Write,0,0,0,0
99d3ad12-f8bb-4581-a44f-588d0072ae22,1663328287476866522,1663328288646878240,1.170011396s,SUCCEEDED,true,Write,0,0,0,0
d1307312-1632-48ee-8627-ae1ebcd9fdb7,1663328297577031997,1663328298751436978,1.174404654s,SUCCEEDED,true,Write,0,0,0,0
87fe40a1-76ec-4b39-840e-098fc95393c4,1663328304279097987,1663328305450224396,1.171126135s,SUCCEEDED,true,Write,0,0,0,0
eae718ba-ffa9-43d5-97e0-72d868219995,1663328298277826821,1663328299453862731,1.176035554s,SUCCEEDED,true,Write,0,0,0,0
6f3001e1-a85e-4cd5-be45-341bf7483028,1663328301680569271,1663328302949671892,1.269102318s,SUCCEEDED,true,Write,0,0,0,0
326b5e56-a451-4e5d-82e1-5c8dcd208001,1663328302077999457,1663328303253000820,1.175001121s,SUCCEEDED,true,Write,0,0,0,0
13d6e02a-3ef9-46ae-8f58-fddeb5fddac7,1663328265478971908,1663328266659456192,1.18048392s,SUCCEEDED,true,Write,0,0,0,0
7216d66c-e5cb-4bcd-99a4-a8925642ea81,1663328268980540918,1663328270056742327,1.076201037s,SUCCEEDED,true,Write,0,0,0,0
19216f78-c53f-4592-a261-3475d9455fa6,1663328280579091977,1663328281650952315,1.07186013s,SUCCEEDED,true,Write,0,0,0,0
f79b1edf-85a9-4e0b-b3fa-bb8097a11e28,1663328288580480743,1663328289648732808,1.0682518s,SUCCEEDED,true,Write,0,0,0,0
7d299400-6ebe-49a3-a11a-d926b43273f3,1663328292080727696,1663328293252601941,1.171873903s,SUCCEEDED,true,Write,0,0,0,0
ed975c66-c3b4-4e5e-b9dd-a27bf25bf833,1663328317581732273,1663328318751453367,1.169720719s,SUCCEEDED,true,Write,0,0,0,0
9a41e852-7207-4f93-9961-e5aa78ac1967,1663328294782016541,1663328295962510342,1.180493367s,SUCCEEDED,true,Write,0,0,0,0
a9cc6c70-65d2-4280-a8f3-40cb2945723e,1663328307678384124,1663328308652520432,974.136075ms,SUCCEEDED,true,Write,0,0,0,0
d4f24f29-4ec6-4553-bbe1-eaad6bf6f7e7,1663328279880170469,1663328281145537786,1.265366887s,SUCCEEDED,true,Write,0,0,0,0
48165936-4677-4c36-858e-c3770d27f1fd,1663328304576500665,1663328305650908697,1.074407713s,SUCCEEDED,true,Write,0,0,0,0
39e92ccb-687e-43b5-abc3-67cbc2847ea1,1663328308578347155,1663328309650652405,1.07230495s,SUCCEEDED,true,Write,0,0,0,0
7ce1eae5-1a1e-4bad-9ee0-24f79c9ffbec,1663328309178283276,1663328310449271227,1.270987645s,SUCCEEDED,true,Write,0,0,0,0
46231b11-70bf-47ae-88ff-e7bffd939306,1663328276079445767,1663328277149417155,1.069971164s,SUCCEEDED,true,Write,0,0,0,0
a7ed7dfb-5420-405a-98f1-0cde246c5f53,1663328287578625723,1663328288650814729,1.072188718s,SUCCEEDED,true,Write,0,0,0,0
a812066c-4bf2-46b9-832d-30974a1da8a3,1663328296482853216,1663328297647003283,1.164149739s,SUCCEEDED,true,Write,0,0,0,0
90e9e230-bca6-48b1-9135-751eed766924,1663328274979949936,1663328276147987462,1.168037127s,SUCCEEDED,true,Write,0,0,0,0
8ba95365-bdea-4f16-b93c-d1341fb1297e,1663328275979048512,1663328277151281431,1.17223272s,SUCCEEDED,true,Write,0,0,0,0
062ccee3-f387-43a5-82f6-6a11271eaec5,1663328308779870838,1663328309951762920,1.171891704s,SUCCEEDED,true,Write,0,0,0,0
1ea014da-065e-4066-bdc7-04074caaf9df,1663328279281176954,1663328280454946944,1.173769582s,SUCCEEDED,true,Write,0,0,0,0
61507b6b-4ac5-403a-b2ee-3e938959a2eb,1663328317078247096,1663328318252263081,1.174015601s,SUCCEEDED,true,Write,0,0,0,0
d6137f8e-b3db-49d5-ae57-29a4a220790d,1663328277179486973,1663328278451854631,1.272367323s,SUCCEEDED,true,Write,0,0,0,0
13db88d3-1634-4c3c-a6ed-98d1a1356d6a,1663328293881799487,1663328294950282455,1.068482664s,SUCCEEDED,true,Write,0,0,0,0
12b22d5b-2150-43b4-820c-e6f0a14ab00e,1663328297280726948,1663328298448722762,1.167995431s,SUCCEEDED,true,Write,0,0,0,0
a771f8c3-942c-4614-8d49-4d282ac755cf,1663328303280531913,1663328304450792236,1.170259987s,SUCCEEDED,true,Write,0,0,0,0
0d2658e5-16e2-46d9-9735-1aea9285f1a9,1663328316179932569,1663328317254204588,1.074271616s,SUCCEEDED,true,Write,0,0,0,0
a6cb22af-fbea-4807-b19f-278ea58d0e4d,1663328260984955725,1663328262290819173,1.30586323s,SUCCEEDED,true,Write,0,0,0,0
86fe3065-de3f-45b5-8a00-c95c30a30956,1663328283478591659,1663328284649654920,1.171063044s,SUCCEEDED,true,Write,0,0,0,0
291ee458-a905-4fd1-9d5d-783064408654,1663328285489593762,1663328286471244608,981.650399ms,SUCCEEDED,true,Write,0,0,0,0
98e25f2a-2cdf-4faa-8a4e-a8b482131f6f,1663328285580648269,1663328286650128376,1.069479673s,SUCCEEDED,true,Write,0,0,0,0
851734fa-88b8-4fb0-ab33-e222b6884739,1663328278280686738,1663328279450771108,1.170084059s,SUCCEEDED,true,Write,0,0,0,0
8b52f47a-b889-405e-8b56-26241b037115,1663328288879020765,1663328289949704351,1.070683378s,SUCCEEDED,true,Write,0,0,0,0
fb3c5574-8550-4a20-80bc-6f28608305ca,1663328294986345694,1663328296255840395,1.269494449s,SUCCEEDED,true,Write,0,0,0,0
ad1c538e-0cc9-4c56-9eab-99997063a730,1663328315480450693,1663328316751078410,1.270627366s,SUCCEEDED,true,Write,0,0,0,0
8cf1ebff-ef1c-4d86-b300-50f67b71a8e6,1663328268580605534,1663328269751022493,1.170416599s,SUCCEEDED,true,Write,0,0,0,0
f8200b96-27da-4212-b4e0-a17bc5b54abf,1663328293379894557,1663328294445355550,1.06546071s,SUCCEEDED,true,Write,0,0,0,0
dda681e6-491e-4586-a019-35f51a50e25e,1663328302378992633,1663328303446892793,1.067899864s,SUCCEEDED,true,Write,0,0,0,0
29525a53-37eb-4ca3-bffd-54ecf2011241,1663328309077285411,1663328310247840711,1.170554942s,SUCCEEDED,true,Write,0,0,0,0
ed6b35eb-55d6-4a53-a115-056d19370633,1663328284977412128,1663328286250950337,1.273537987s,SUCCEEDED,true,Write,0,0,0,0
2b9153e9-75d8-4da0-8f4f-c74aa9035cca,1663328286577701949,1663328287747957117,1.170254831s,SUCCEEDED,true,Write,0,0,0,0
fa61a732-104c-46b0-9e12-7d84f60a7fce,1663328289880019883,1663328290954898739,1.074878596s,SUCCEEDED,true,Write,0,0,0,0
a14d7625-5456-4ad5-a839-097381175d7a,1663328263578767194,1663328264750690980,1.171923326s,SUCCEEDED,true,Write,0,0,0,0
52b7e1b3-f02c-4d91-ad7f-aaa2b9dbfb83,1663328266380410171,1663328267456274012,1.075863673s,SUCCEEDED,true,Write,0,0,0,0
9d76646b-f402-4f96-91e5-2c1af41b7493,1663328275780037136,1663328276955854175,1.175816646s,SUCCEEDED,true,Write,0,0,0,0
ab1eea34-c87a-49d3-8de9-f15fc0990dfb,1663328280487359573,1663328281649985009,1.162625262s,SUCCEEDED,true,Write,0,0,0,0
c8dd65ee-cff0-4938-a4c4-d15e17a5dcfb,1663328283677682936,1663328284653946455,976.263313ms,SUCCEEDED,true,Write,0,0,0,0
101a0409-c8cd-4f96-99de-4738ed36ef70,1663328303679700507,1663328304856260588,1.176559581s,SUCCEEDED,true,Write,0,0,0,0
924aea4a-bdae-4716-9eb9-e330342a2a56,1663328303777207457,1663328304949653110,1.172445413s,SUCCEEDED,true,Write,0,0,0,0
6f49b235-5e51-49bf-9d82-839dad913c8d,1663328291179600418,1663328292454761087,1.275160328s,SUCCEEDED,true,Write,0,0,0,0
a370c1a3-5940-45c9-a05d-b69655a60ff4,1663328293577079610,1663328294756774610,1.179694727s,SUCCEEDED,true,Write,0,0,0,0
3aa50ab1-1b10-4c34-85d5-1e3c3c37bd44,1663328297479577590,1663328298451652356,972.074424ms,SUCCEEDED,true,Write,0,0,0,0
ae432e15-d2e6-4588-b514-3ab330625f14,1663328299178297932,1663328300451669414,1.273371085s,SUCCEEDED,true,Write,0,0,0,0
90c4bb60-3a8b-496d-8fc4-6b83b776b127,1663328303377151062,1663328304451315456,1.074164117s,SUCCEEDED,true,Write,0,0,0,0
aba1d20e-f42d-47bb-9195-0b801e55ea63,1663328286278883825,1663328287447306852,1.16842274s,SUCCEEDED,true,Write,0,0,0,0
013b8a94-821a-4081-8c55-a27947dc88d6,1663328310580780521,1663328311650990060,1.070209233s,SUCCEEDED,true,Write,0,0,0,0
bb097918-ddfc-4e57-9576-131b8e486dcb,1663328312277762160,1663328313449549017,1.171786531s,SUCCEEDED,true,Write,0,0,0,0
5f2e91ae-dd40-45d6-ba72-526bb9fa6014,1663328277580144003,1663328278648947637,1.068803276s,SUCCEEDED,true,Write,0,0,0,0
f2828ca8-3526-40be-a907-863d8b918a37,1663328278480332915,1663328279652955407,1.172622111s,SUCCEEDED,true,Write,0,0,0,0
67431abc-7b58-417e-8da6-c2a229c80d13,1663328280878998829,1663328282146716063,1.267716804s,SUCCEEDED,true,Write,0,0,0,0
e12730a1-5d1d-402c-833b-17f77cc78875,1663328284080858658,1663328285249762795,1.168903873s,SUCCEEDED,true,Write,0,0,0,0
f49c8785-e7ea-4796-9e98-f765fc587006,1663328294276625896,1663328295450691626,1.174065352s,SUCCEEDED,true,Write,0,0,0,0
5f88fff8-e839-4c58-b40a-4962fa972d1a,1663328288478300053,1663328289649808067,1.171507733s,SUCCEEDED,true,Write,0,0,0,0
979ae488-9cff-4582-8f53-fd403f921863,1663328300780658280,1663328301953182472,1.172523788s,SUCCEEDED,true,Write,0,0,0,0
249fa15d-ce5d-4252-8e73-601150f3664c,1663328303478929039,1663328304652857242,1.173927849s,SUCCEEDED,true,Write,0,0,0,0
1dbb8a2d-b44e-4385-b464-8d9dcde65b79,1663328307479782650,1663328308651759235,1.171976168s,SUCCEEDED,true,Write,0,0,0,0
28b66dba-052d-41d7-817b-67e7b714b1fd,1663328315979387928,1663328317252636696,1.273248461s,SUCCEEDED,true,Write,0,0,0,0
d0825392-398a-493b-acc9-4cd29925c0ea,1663328272980672616,1663328274143490468,1.162817551s,SUCCEEDED,true,Write,0,0,0,0
2612080f-d75f-499f-a15c-2423325a57cd,1663328305081332934,1663328306151848016,1.070514705s,SUCCEEDED,true,Write,0,0,0,0
bafc53ba-e8cd-42ff-902a-cb7f81d072bb,1663328303979133615,1663328304963433632,984.299747ms,SUCCEEDED,true,Write,0,0,0,0
aaf4db5f-edf8-4566-93a9-978ea7e3e8e7,1663328310379803106,1663328311450635259,1.070831797s,SUCCEEDED,true,Write,0,0,0,0
8be27680-6777-469c-86d2-a080fc32bf15,1663328318376864693,1663328319455280424,1.078415437s,SUCCEEDED,true,Write,0,0,0,0
35f2519c-3ef3-48b9-b22f-b6dd84ceb9f9,1663328269779236912,1663328270948776436,1.169539102s,SUCCEEDED,true,Write,0,0,0,0
0a09f86c-7638-46ce-8b77-416746ee2fb2,1663328271179638927,1663328272169564320,989.925059ms,SUCCEEDED,true,Write,0,0,0,0
28821475-5a70-4955-bebc-ec9f4396c022,1663328272681797145,1663328273672861416,991.063999ms,SUCCEEDED,true,Write,0,0,0,0
d841fa45-86f1-4259-8638-a168053732cb,1663328279780820066,1663328280945801097,1.164980709s,SUCCEEDED,true,Write,0,0,0,0
fa6e0e68-3298-4eb2-b85a-099ea802bf56,1663328295578344667,1663328296754479902,1.176134861s,SUCCEEDED,true,Write,0,0,0,0
8c92085c-ab39-4764-a670-4e29c72ba91e,1663328265379845248,1663328266449519875,1.069674287s,SUCCEEDED,true,Write,0,0,0,0
3ff766d6-fecd-4a73-9fbc-e4f3419e85ab,1663328291778664230,1663328292949180461,1.170515855s,SUCCEEDED,true,Write,0,0,0,0
2e1a3174-df6f-4b17-abd7-d17d50c3244e,1663328295777239379,1663328297048734856,1.271495192s,SUCCEEDED,true,Write,0,0,0,0
d28bf1de-1f0c-49ef-b496-a4fe633ca0ac,1663328298980298475,1663328300248063960,1.267765132s,SUCCEEDED,true,Write,0,0,0,0
0193f905-ad1e-4c3d-b81e-d4e0ed07da9c,1663328314376916754,1663328315448476127,1.071559034s,SUCCEEDED,true,Write,0,0,0,0
5b3d5079-abf5-4292-a774-6f375c260a67,1663328316880327731,1663328317950469514,1.070141594s,SUCCEEDED,true,Write,0,0,0,0
907ced1b-a7cc-4636-8643-de43f2c46b4c,1663328265280698660,1663328266361028745,1.080329655s,SUCCEEDED,true,Write,0,0,0,0
986b7a8c-a58e-448b-9b77-cf43189697e0,1663328272780577383,1663328273952042617,1.171464728s,SUCCEEDED,true,Write,0,0,0,0
83d60d25-b3d9-41f7-adad-4990c4331fdd,1663328289679503381,1663328290954594095,1.275090304s,SUCCEEDED,true,Write,0,0,0,0
6a9c6966-3aed-463b-ad06-2a4ebdc12994,1663328295880148812,1663328297051985473,1.171836301s,SUCCEEDED,true,Write,0,0,0,0
92550106-20bd-4f20-95d8-f28f1dbcdf65,1663328307878437713,1663328308955086241,1.076648247s,SUCCEEDED,true,Write,0,0,0,0
6276448b-fd45-4f94-ba0b-eccb06189a5a,1663328275079990047,1663328276170496921,1.090506534s,SUCCEEDED,true,Write,0,0,0,0
b9e6b9f2-0bc2-4557-8b68-61c5530836eb,1663328281679120261,1663328282771752133,1.092631394s,SUCCEEDED,true,Write,0,0,0,0
f6f5c8ac-d8af-4146-93da-608960119a43,1663328301880522916,1663328302943640121,1.063117003s,SUCCEEDED,true,Write,0,0,0,0
b36df901-8d20-4a8a-8cfe-83257b14451d,1663328304178984716,1663328305245831275,1.066846262s,SUCCEEDED,true,Write,0,0,0,0
e6e73426-f6ef-4390-be8f-2ac7cc5ccd46,1663328308476712948,1663328309647511770,1.170798633s,SUCCEEDED,true,Write,0,0,0,0
ca81b449-7c42-463c-9ef7-15f5955b30fb,1663328270579004300,1663328271654021640,1.075017134s,SUCCEEDED,true,Write,0,0,0,0
d3f3d92e-baf8-4159-813a-f78767269026,1663328274081277069,1663328275150043907,1.068766533s,SUCCEEDED,true,Write,0,0,0,0
3675e98c-92cb-4ed5-9a60-639780a2d4ac,1663328278378797772,1663328279451362056,1.072563927s,SUCCEEDED,true,Write,0,0,0,0
b12d5a7e-34af-483c-b58b-ab4aa329a7bc,1663328293180090832,1663328294445364243,1.265273251s,SUCCEEDED,true,Write,0,0,0,0
dd6e350e-b774-4273-8063-4445b48818a1,1663328302978589635,1663328304249625930,1.271035949s,SUCCEEDED,true,Write,0,0,0,0
c0da9be7-1b01-462b-85d2-faf0fd9d3669,1663328316980647388,1663328317971714054,991.066274ms,SUCCEEDED,true,Write,0,0,0,0
a46d9e4c-6994-42cb-8d33-ea26902fc7f6,1663328263279870796,1663328264449484533,1.169613383s,SUCCEEDED,true,Write,0,0,0,0
cbd9d124-e9d9-4d73-9bf2-5f996eec272a,1663328285777755432,1663328286950602691,1.172846946s,SUCCEEDED,true,Write,0,0,0,0
d6fb6fae-3aab-4285-b125-241bbaec549e,1663328293278100232,1663328294469297319,1.19119678s,SUCCEEDED,true,Write,0,0,0,0
aefcfd76-9a3b-45ce-8226-c6f912362fbd,1663328302280887365,1663328303357132021,1.076244359s,SUCCEEDED,true,Write,0,0,0,0
35be5caf-fe70-4c74-b57a-55dce5f0b47c,1663328306776482531,1663328307946061127,1.169578242s,SUCCEEDED,true,Write,0,0,0,0
4e98092f-2b59-4255-86ee-e235b16aeb28,1663328318479325944,1663328319650117453,1.170791097s,SUCCEEDED,true,Write,0,0,0,0
5f960874-712b-47b1-bdf1-df1c9461c320,1663328262681416382,1663328263750707429,1.06929062s,SUCCEEDED,true,Write,0,0,0,0
12229caf-79f7-426e-83c9-fb89c11b1a9e,1663328273979509712,1663328275055364598,1.075854623s,SUCCEEDED,true,Write,0,0,0,0
0ee66d4b-1d80-41c7-b3ad-e8fbef41c73e,1663328288378849368,1663328289454353763,1.075504159s,SUCCEEDED,true,Write,0,0,0,0
8cd07064-b7c6-4f54-9841-29866563d72c,1663328298079376430,1663328299145156376,1.065779494s,SUCCEEDED,true,Write,0,0,0,0
4d1c9993-8c65-4a23-a46b-c1c050ec9ce2,1663328305780371605,1663328306949464768,1.169092825s,SUCCEEDED,true,Write,0,0,0,0
2d0bc10c-69e8-4ddd-bf83-3a5e6a19be3e,1663328264979854989,1663328266248167175,1.268311937s,SUCCEEDED,true,Write,0,0,0,0
c99b1824-51d1-4a9e-abd9-ee23f635bdc7,1663328289279699224,1663328290449904128,1.170204617s,SUCCEEDED,true,Write,0,0,0,0
4a2029f6-51d8-478f-a0e5-89ec4ee5b220,1663328299079679242,1663328300249700726,1.170021027s,SUCCEEDED,true,Write,0,0,0,0
1d45b5b0-20ef-4f95-bf8c-4e1bcb286a3e,1663328274279287095,1663328275448637575,1.169350129s,SUCCEEDED,true,Write,0,0,0,0
5e173fef-c238-4a5f-bf7f-6db6bd2f524f,1663328320579773816,1663328321651167964,1.071393804s,SUCCEEDED,true,Write,0,0,0,0
3fdce211-ab19-482f-954b-1ef477ac3fde,1663328283179881181,1663328284156644791,976.763263ms,SUCCEEDED,true,Write,0,0,0,0
968697e2-1994-4875-837f-fac5f04087c8,1663328301278829849,1663328302452697161,1.173867111s,SUCCEEDED,true,Write,0,0,0,0
c2e852dc-53c3-4214-a1ba-09b27b7285bc,1663328306679759711,1663328307946672868,1.266912933s,SUCCEEDED,true,Write,0,0,0,0
862072e7-d698-4068-88c9-bb7deafb2a88,1663328261082832437,1663328262286837617,1.204004813s,SUCCEEDED,true,Write,0,0,0,0
fd9fcb93-fc69-4da9-9077-65db95203609,1663328274579919339,1663328275653951516,1.074031763s,SUCCEEDED,true,Write,0,0,0,0
c66e6fe1-3829-4644-90a7-ad707036a883,1663328295179330340,1663328296255861043,1.076530352s,SUCCEEDED,true,Write,0,0,0,0
a2e53d7b-35ce-42f2-8f8e-33d743fb581e,1663328306478313542,1663328307752973518,1.274659806s,SUCCEEDED,true,Write,0,0,0,0
4f526c64-52c7-40f6-a9e2-efa210c006aa,1663328308176789641,1663328309259293785,1.082503947s,SUCCEEDED,true,Write,0,0,0,0
4efacf12-fe03-4838-aa8b-4667046b3c11,1663328273278163862,1663328274449397196,1.171232938s,SUCCEEDED,true,Write,0,0,0,0
f76b3c49-e9ea-4d64-a2e6-9e64136e496e,1663328311682767993,1663328312652182193,969.413865ms,SUCCEEDED,true,Write,0,0,0,0
669ef17a-b1cd-47f2-aede-644df5931e3a,1663328312779604860,1663328313951615756,1.172010436s,SUCCEEDED,true,Write,0,0,0,0
6470bfc0-b375-4ffd-8a7a-30d8283959c8,1663328313477533882,1663328314747033422,1.269499316s,SUCCEEDED,true,Write,0,0,0,0
7f47d139-5df2-4164-aa1a-cd866ad25ac5,1663328278079274957,1663328279250490072,1.17121469s,SUCCEEDED,true,Write,0,0,0,0
9e79aa15-b546-4ae3-9330-49ab31140055,1663328284677422453,1663328285770330569,1.092907821s,SUCCEEDED,true,Write,0,0,0,0
0397f31a-1412-4ceb-be79-24087be0d3d2,1663328286880598827,1663328287950040601,1.069441486s,SUCCEEDED,true,Write,0,0,0,0
791c36ad-9b79-4411-8eaf-b72685ad8b1f,1663328283982329301,1663328284969655709,987.326016ms,SUCCEEDED,true,Write,0,0,0,0
a422778d-565e-46cc-b8fc-196e77167bb2,1663328294578302852,1663328295751301359,1.172998292s,SUCCEEDED,true,Write,0,0,0,0
69fc21a1-54bb-4003-bc87-bb14250d643a,1663328320180095701,1663328321449520883,1.269424781s,SUCCEEDED,true,Write,0,0,0,0
fd5260b3-9d38-4a15-9324-4a976f6aeb7e,1663328274680394332,1663328275953965289,1.27357056s,SUCCEEDED,true,Write,0,0,0,0
93ab2719-515e-4f6f-8fd5-db3246d27b47,1663328289377128417,1663328290566214478,1.189085795s,SUCCEEDED,true,Write,0,0,0,0
964f4b03-56f3-451f-a112-1bcef9df05b5,1663328294179553649,1663328295354589236,1.175035271s,SUCCEEDED,true,Write,0,0,0,0
baed931c-c8d6-4d79-b7ec-9aab448942f0,1663328296079216119,1663328297152933884,1.073717488s,SUCCEEDED,true,Write,0,0,0,0
09e2f746-71ba-484d-8e06-91294e732e75,1663328305880685594,1663328306951678597,1.070992599s,SUCCEEDED,true,Write,0,0,0,0
30ad31b9-e10a-42c3-a706-e6861ff91c9f,1663328314779129513,1663328315950009570,1.170879751s,SUCCEEDED,true,Write,0,0,0,0
40e521e2-2ceb-4529-a6d1-3ad246abe769,1663328264277105151,1663328265453083940,1.175978589s,SUCCEEDED,true,Write,0,0,0,0
84da1ace-e413-4b87-97c5-66e041bf549d,1663328265181099162,1663328266448431986,1.267332539s,SUCCEEDED,true,Write,0,0,0,0
ea983422-13f4-45e8-8714-f3f43c508d90,1663328266079813931,1663328267251395731,1.171581373s,SUCCEEDED,true,Write,0,0,0,0
f9554d9e-64ed-447e-ac52-2a930393f7e2,1663328278980379551,1663328279968284448,987.904646ms,SUCCEEDED,true,Write,0,0,0,0
c5ed780c-7cd0-4bf4-b397-498113825b20,1663328305978402232,1663328307252401491,1.273998935s,SUCCEEDED,true,Write,0,0,0,0
1239e9b2-875b-4e5f-9824-af43dc67e509,1663328314179717555,1663328315273947996,1.09423007s,SUCCEEDED,true,Write,0,0,0,0
83b6d9b8-cb15-47a8-a7ed-53216fa8f9f7,1663328317278578126,1663328318451174206,1.172595838s,SUCCEEDED,true,Write,0,0,0,0
7ba636a8-564d-4440-b4f9-6875061f75cd,1663328272077933328,1663328273147305357,1.069371721s,SUCCEEDED,true,Write,0,0,0,0
0ce9ba7f-e603-4572-88f1-5039ae194b88,1663328276579388302,1663328277750630613,1.171241792s,SUCCEEDED,true,Write,0,0,0,0
f5f5c64b-afe3-4616-9de4-bc9eb1b1c02c,1663328298581222083,1663328299654449723,1.073227267s,SUCCEEDED,true,Write,0,0,0,0
69bc7ef3-669f-478e-bd2b-7e83f9a715df,1663328301780176047,1663328302947564764,1.167388318s,SUCCEEDED,true,Write,0,0,0,0
948f1949-a74f-4b04-8c07-39e621c03703,1663328310280463399,1663328311451235497,1.170771645s,SUCCEEDED,true,Write,0,0,0,0
ab4ce5a5-d003-4a63-9225-ab4e3fdaf8ac,1663328312381124412,1663328313450882106,1.069757224s,SUCCEEDED,true,Write,0,0,0,0
79d79943-c4de-403a-b66e-3d44529d5a09,1663328320377451556,1663328321449651524,1.072199732s,SUCCEEDED,true,Write,0,0,0,0
e5e81c81-8cfb-486e-ae44-4052d469ee73,1663328269279622916,1663328270444367047,1.16474382s,SUCCEEDED,true,Write,0,0,0,0
27e87799-98fe-4e2c-9071-9e537f54b3e6,1663328270978678515,1663328272150953140,1.172274194s,SUCCEEDED,true,Write,0,0,0,0
5b756f41-fc40-429f-ae30-0a41b0c01e4c,1663328277479253789,1663328278649959422,1.170705348s,SUCCEEDED,true,Write,0,0,0,0
693f3d49-843f-4b4b-a43d-d9afe0ea19b3,1663328280380690059,1663328281649246595,1.268556182s,SUCCEEDED,true,Write,0,0,0,0
7c70dc1d-f0fa-4689-9b85-26a211212165,1663328311777483855,1663328312953038794,1.175554679s,SUCCEEDED,true,Write,0,0,0,0
8dac798b-f055-487b-a44e-13141882c082,1663328277680127050,1663328278952145161,1.272017863s,SUCCEEDED,true,Write,0,0,0,0
dd29e367-3a25-4894-a333-31e3ef0f2518,1663328308683821949,1663328309852288000,1.168465706s,SUCCEEDED,true,Write,0,0,0,0
eb990302-7124-40aa-9f9c-dd3c4a52ef37,1663328319578916660,1663328320751162049,1.17224508s,SUCCEEDED,true,Write,0,0,0,0
014caf7c-ccf7-41c9-9ab0-4e7ec46a50c1,1663328261600764317,1663328262754479034,1.153714481s,SUCCEEDED,true,Write,0,0,0,0
7c34caf5-0ebb-4523-8da5-e32dbf854b51,1663328268480048842,1663328269755360277,1.275310976s,SUCCEEDED,true,Write,0,0,0,0
fb2812d9-3351-4dbc-93ce-f18c5ed51b66,1663328268880336649,1663328269954961251,1.074624173s,SUCCEEDED,true,Write,0,0,0,0
6c18c7b7-b4dc-44f4-a009-5f265b3ce9fd,1663328272178454482,1663328273449076139,1.270621417s,SUCCEEDED,true,Write,0,0,0,0
c8f8f624-94dc-4eaf-a349-1091d3420131,1663328306183425843,1663328307251346669,1.067920429s,SUCCEEDED,true,Write,0,0,0,0
f9ac4762-d3d8-40ce-980c-abfc31485d9f,1663328267780252726,1663328268949936765,1.169683716s,SUCCEEDED,true,Write,0,0,0,0
284bef07-31c8-4c20-a1d2-30ccb03516cf,1663328271578089131,1663328272648787187,1.070697791s,SUCCEEDED,true,Write,0,0,0,0
7c07f618-d40d-4975-b7a1-0323143ec726,1663328309380788090,1663328310446962859,1.066174469s,SUCCEEDED,true,Write,0,0,0,0
bfe5fa88-7fe7-41d2-ac04-8e22b05f3934,1663328311280137142,1663328312447591276,1.167453737s,SUCCEEDED,true,Write,0,0,0,0
63e72177-b7ba-43b0-ad20-9fec1c27f6f1,1663328277078257329,1663328278145885660,1.067628011s,SUCCEEDED,true,Write,0,0,0,0
bd6da49b-9f12-43e1-a4b7-12855e1586e8,1663328300477971844,1663328301749836859,1.271864757s,SUCCEEDED,true,Write,0,0,0,0
2521df2a-5aa6-4379-9917-003ef8471649,1663328315776736369,1663328316953791708,1.177055194s,SUCCEEDED,true,Write,0,0,0,0
81bd6eb5-2c09-4147-a8ab-764492e5ce24,1663328265779666997,1663328266946217493,1.166550111s,SUCCEEDED,true,Write,0,0,0,0
db15591f-be45-40bf-93d6-8002c832e462,1663328320778742768,1663328321849627055,1.07088391s,SUCCEEDED,true,Write,0,0,0,0
1ee4aa0b-f974-4227-86ae-2612441515f3,1663328271980612847,1663328273150638604,1.170025535s,SUCCEEDED,true,Write,0,0,0,0
ada774a0-2d49-46e6-9f05-73bc93850c8a,1663328299691158169,1663328300952126789,1.260968337s,SUCCEEDED,true,Write,0,0,0,0
e523ffbb-7315-4483-9f96-a78d4aa280f5,1663328301176736991,1663328302354095562,1.177358365s,SUCCEEDED,true,Write,0,0,0,0
c9f86e75-8b84-4935-bf3f-e12d25542b52,1663328309279160708,1663328310450163266,1.171002295s,SUCCEEDED,true,Write,0,0,0,0
fcd98b61-c3fa-4ee0-b4ca-624594834cf1,1663328279476598669,1663328280753355476,1.276756539s,SUCCEEDED,true,Write,0,0,0,0
7ebe0702-1cdf-4a0f-b8fa-10ee4119d800,1663328292877378141,1663328293952821802,1.075443411s,SUCCEEDED,true,Write,0,0,0,0
d4cb5c00-8bc7-452a-b018-a800b413931c,1663328307282103697,1663328308356153463,1.074049471s,SUCCEEDED,true,Write,0,0,0,0
8f87a1df-41cb-46a1-b2f6-715012a7a285,1663328315280469004,1663328316454498743,1.174029422s,SUCCEEDED,true,Write,0,0,0,0
419da170-6858-4c86-8063-89547bcced8d,1663328266677171136,1663328267950268157,1.273096826s,SUCCEEDED,true,Write,0,0,0,0
a20924f5-f850-4761-9642-727250e2a821,1663328272279311449,1663328273449055047,1.1697432s,SUCCEEDED,true,Write,0,0,0,0
39489445-bd39-471b-86b3-4ce6eef2247c,1663328275379262856,1663328276557357144,1.17809392s,SUCCEEDED,true,Write,0,0,0,0
15f676fe-3391-49b8-a4f1-27caa2d2b442,1663328284278284807,1663328285353593383,1.075308366s,SUCCEEDED,true,Write,0,0,0,0
9f3b2020-98c4-4b62-9098-e39ec40122b6,1663328308279247806,1663328309345472447,1.066224301s,SUCCEEDED,true,Write,0,0,0,0
95ec48d1-5dbb-44db-ab63-39f0cf533eac,1663328265877665946,1663328266951255905,1.07358965s,SUCCEEDED,true,Write,0,0,0,0
ae2270ef-305c-49e0-9901-8bfbdb925fa7,1663328270679175599,1663328271653417314,974.241454ms,SUCCEEDED,true,Write,0,0,0,0
7abd699f-7ade-480d-865e-f574289fe30f,1663328317381887257,1663328318451167743,1.069280255s,SUCCEEDED,true,Write,0,0,0,0
81099a7e-4d59-4506-ac81-1994003923f0,1663328278880385397,1663328279957958849,1.077573161s,SUCCEEDED,true,Write,0,0,0,0
734e8561-1f3f-4ca8-afb2-f009aaf1adbd,1663328300078850355,1663328301254602496,1.175751802s,SUCCEEDED,true,Write,0,0,0,0
63751ea1-970d-41b8-801a-f0052428fe43,1663328314680087155,1663328315769055092,1.088967671s,SUCCEEDED,true,Write,0,0,0,0
06f0a6d7-9db3-4a72-bade-dd7946d66043,1663328299279583316,1663328300447812949,1.168229224s,SUCCEEDED,true,Write,0,0,0,0
fb57f6a1-1700-4a88-b232-f58b5d5feb7f,1663328311477252785,1663328312649500317,1.172247075s,SUCCEEDED,true,Write,0,0,0,0
96b1a6e0-1793-4c63-9cde-0eb50c5c1e42,1663328318078646103,1663328319151215296,1.072568832s,SUCCEEDED,true,Write,0,0,0,0
ad3a0479-8279-4d09-bd30-eb3c19d23e3a,1663328264179420933,1663328265281071596,1.101650407s,SUCCEEDED,true,Write,0,0,0,0
c8091765-8efa-48ed-899e-2886da5050ed,1663328273380515525,1663328274448284401,1.06776848s,SUCCEEDED,true,Write,0,0,0,0
f0c78ba4-fe31-4a62-9a19-5c3ed265addf,1663328275178235468,1663328276150073735,971.838038ms,SUCCEEDED,true,Write,0,0,0,0
51526cdb-1079-4265-9e4e-8b1cc43b64a9,1663328275280153536,1663328276448882089,1.168728146s,SUCCEEDED,true,Write,0,0,0,0
fcdc62c0-e1d6-4821-a5d2-374557eb67f4,1663328282481964838,1663328283470607357,988.642129ms,SUCCEEDED,true,Write,0,0,0,0
cadee6f0-c8c0-4200-a3f8-f8e5cef71908,1663328267680382320,1663328268643674474,963.29175ms,SUCCEEDED,true,Write,0,0,0,0
1f85c69a-8354-46a9-a638-51a9d4126b03,1663328270479407196,1663328271653735851,1.174328395s,SUCCEEDED,true,Write,0,0,0,0
aad79eac-6611-4c4b-96c2-9872cf5edff3,1663328270780288803,1663328271956620523,1.176331315s,SUCCEEDED,true,Write,0,0,0,0
84cc64e7-d90e-4c11-bff2-43a3d6409cbd,1663328272379021333,1663328273450345841,1.07132412s,SUCCEEDED,true,Write,0,0,0,0
98dfa3ba-5caf-4713-b466-94cd316cbc64,1663328304977414576,1663328306055190180,1.077775272s,SUCCEEDED,true,Write,0,0,0,0
388e2780-71f9-4568-8634-4d4a69ca0b7d,1663328272879848559,1663328273950421082,1.07057211s,SUCCEEDED,true,Write,0,0,0,0
6700cdae-c6d8-4841-87d4-0b1e54fd058c,1663328284777755351,1663328285949232574,1.171476884s,SUCCEEDED,true,Write,0,0,0,0
0c440b50-c257-4a9e-9a2c-9fe510ef1508,1663328289077595436,1663328290148885568,1.07128977s,SUCCEEDED,true,Write,0,0,0,0
fb1502d5-f4b2-45ad-92b7-c3fe6c80fff3,1663328291677774214,1663328292773188228,1.095413817s,SUCCEEDED,true,Write,0,0,0,0
19cb4c9e-a4a0-4034-aff3-ee0ed1ba502f,1663328292679350333,1663328293651874037,972.523351ms,SUCCEEDED,true,Write,0,0,0,0
f32dcdd5-9403-4a0b-b59a-12fd11bd7770,1663328292776570884,1663328293950545249,1.173974106s,SUCCEEDED,true,Write,0,0,0,0
c79e074c-aa92-43a1-9b9b-07ff41db6113,1663328314079233415,1663328315243142457,1.163908642s,SUCCEEDED,true,Write,0,0,0,0
2c680e0f-3e9a-4e83-be80-062015ae8cdc,1663328315180777780,1663328316152128163,971.349973ms,SUCCEEDED,true,Write,0,0,0,0
92a42b25-efd5-463a-8de3-be4a5bddd343,1663328296780033628,1663328297948804655,1.168770743s,SUCCEEDED,true,Write,0,0,0,0
3b110f2d-d51c-4a55-b94d-0b3d174f740f,1663328304778043523,1663328305957442857,1.179399067s,SUCCEEDED,true,Write,0,0,0,0
e16a108f-5156-428f-8dc0-ffc864a2ce9e,1663328263879751343,1663328264953151862,1.073400234s,SUCCEEDED,true,Write,0,0,0,0
482e4f32-155c-4d86-b78b-294fe7423594,1663328274480349221,1663328275654678810,1.174329245s,SUCCEEDED,true,Write,0,0,0,0
e11ddc56-6d12-4a54-a2fc-7a7a04bfc431,1663328278781371501,1663328279955874180,1.174502389s,SUCCEEDED,true,Write,0,0,0,0
d653bde3-e0b8-4659-94f5-ebead8c53f15,1663328283380251109,1663328284460266008,1.080014451s,SUCCEEDED,true,Write,0,0,0,0
e5a8ae99-37d1-476b-b2cb-61567430e913,1663328292577702282,1663328293648874464,1.071171746s,SUCCEEDED,true,Write,0,0,0,0
f2a3b601-cec7-4bc2-9ba4-b66905b2cd4f,1663328261784427419,1663328262768708325,984.280568ms,SUCCEEDED,true,Write,0,0,0,0
e6ec8cfa-77ee-44c1-b2ef-d3142de19fe4,1663328265978660455,1663328266971448786,992.788092ms,SUCCEEDED,true,Write,0,0,0,0
f3b38a74-a9d9-4478-bf28-a88de9b315a2,1663328281779882388,1663328282951122963,1.171240216s,SUCCEEDED,true,Write,0,0,0,0
27b0d14f-e8da-4b45-9cbc-ae7fc438c333,1663328309878456381,1663328310949104468,1.070647735s,SUCCEEDED,true,Write,0,0,0,0
1ddd3968-7456-4b16-b70b-8ba95a115188,1663328261981948810,1663328263252905234,1.270956124s,SUCCEEDED,true,Write,0,0,0,0
a741d789-09f6-4f62-a0c5-27e757b79965,1663328271380053832,1663328272453952329,1.073898145s,SUCCEEDED,true,Write,0,0,0,0
97b11599-0eac-4357-b828-7b24939ff165,1663328276680520621,1663328277750972649,1.070451593s,SUCCEEDED,true,Write,0,0,0,0
4911b41c-85a6-426d-8f5b-55ff48a14f6e,1663328313676701456,1663328314749777438,1.073075779s,SUCCEEDED,true,Write,0,0,0,0
cf4e7a4f-621b-4802-85af-868cd723a593,1663328306876786606,1663328307946086957,1.069300121s,SUCCEEDED,true,Write,0,0,0,0
7f11c235-341f-4608-acf0-cee29c12b147,1663328262577909311,1663328263753313745,1.17540407s,SUCCEEDED,true,Write,0,0,0,0
19b4ca9b-00c6-4679-8639-b11063ca4df6,1663328287879280874,1663328288959218361,1.079937216s,SUCCEEDED,true,Write,0,0,0,0
fdd96aa8-6dc0-4d34-9f97-2360b128b905,1663328289176412230,1663328290356995791,1.180583307s,SUCCEEDED,true,Write,0,0,0,0
0013aaac-7a85-4a1e-9935-9c6cfcef6a90,1663328292981340159,1663328294151058230,1.169717701s,SUCCEEDED,true,Write,0,0,0,0
d561fe6e-7ed4-4ad4-85b0-bacb1d6b74fe,1663328294477348387,1663328295750146712,1.272798136s,SUCCEEDED,true,Write,0,0,0,0
0407d724-e640-4625-8e49-f9e2a34820c0,1663328264879661423,1663328265950138717,1.070477053s,SUCCEEDED,true,Write,0,0,0,0
ed9432ed-5c61-4b4e-afdb-7c7036b82782,1663328293779297522,1663328294953810482,1.174512701s,SUCCEEDED,true,Write,0,0,0,0
3ade7cb9-c604-49bd-bf3d-95888203149a,1663328311978378834,1663328312969536579,991.157345ms,SUCCEEDED,true,Write,0,0,0,0
89531804-1aef-4ad9-8592-d469951f46ea,1663328291577665394,1663328292648296956,1.070631248s,SUCCEEDED,true,Write,0,0,0,0
041de774-bbcf-4f77-9fa6-728a4e5b2bdc,1663328295979632301,1663328297145431626,1.165798931s,SUCCEEDED,true,Write,0,0,0,0
6eed1062-cb6d-47d9-a165-080d6c58429c,1663328306077124469,1663328307253817094,1.176692276s,SUCCEEDED,true,Write,0,0,0,0
468a256b-a2f3-4f08-b3ef-36f75e7c0ac2,1663328309676338527,1663328310648749002,972.41015ms,SUCCEEDED,true,Write,0,0,0,0
2a8b4101-a024-4437-8d39-ffcc49627edd,1663328271780402867,1663328272951469256,1.171066159s,SUCCEEDED,true,Write,0,0,0,0
74a160b7-a5d6-4e28-a647-93f2ebfb15e1,1663328279979325711,1663328281054082551,1.074756435s,SUCCEEDED,true,Write,0,0,0,0
c5650d2d-55a8-447c-9187-e733951a19d8,1663328281178127249,1663328282452476757,1.2743492s,SUCCEEDED,true,Write,0,0,0,0
22ca8937-fabc-4fb6-a380-a3dee2ea7b1c,1663328285279510174,1663328286457169622,1.177659147s,SUCCEEDED,true,Write,0,0,0,0
7dc1b9ec-0961-4674-b895-809fc8b1980b,1663328291080244432,1663328292252497121,1.172252441s,SUCCEEDED,true,Write,0,0,0,0
72bc0628-79c0-4ab0-962a-d74087336269,1663328307777620945,1663328308953880705,1.1762595s,SUCCEEDED,true,Write,0,0,0,0
aa17f2fd-e22b-497d-ab93-860256dc21d9,1663328276480708461,1663328277553438522,1.072729621s,SUCCEEDED,true,Write,0,0,0,0
95a260dd-541e-4d64-a012-aff8c5fc9028,1663328280278500313,1663328281453664243,1.175163641s,SUCCEEDED,true,Write,0,0,0,0
a9832a08-8f06-4828-8beb-aa047f8bd0b1,1663328262776777534,1663328263853588783,1.076810909s,SUCCEEDED,true,Write,0,0,0,0
6ee996a4-980e-48ed-a329-ef774253f3fe,1663328275680476909,1663328276669961409,989.48413ms,SUCCEEDED,true,Write,0,0,0,0
a8b78f4a-f676-4fff-9524-0e0740c80095,1663328292177650307,1663328293447875921,1.27022532s,SUCCEEDED,true,Write,0,0,0,0
c45fbe17-0602-44fb-bf77-305cd04b7fd7,1663328318776701903,1663328319955603143,1.178900992s,SUCCEEDED,true,Write,0,0,0,0
269c849e-d460-46b7-9944-a0c284522597,1663328277880153099,1663328278952721377,1.072568093s,SUCCEEDED,true,Write,0,0,0,0
3fffbacc-43f2-40f1-8c37-99c673597368,1663328282780419170,1663328283953712749,1.173293208s,SUCCEEDED,true,Write,0,0,0,0
b40803d3-dc4f-4a70-9b5a-bc7e86aa84ca,1663328311879250278,1663328312947638900,1.068388281s,SUCCEEDED,true,Write,0,0,0,0
3e8d7f45-794f-4920-a408-27f9b292e15c,1663328316281126494,1663328317349370517,1.068243434s,SUCCEEDED,true,Write,0,0,0,0
f57cdf6b-d4e3-4d50-aade-e85dfc822664,1663328282080721125,1663328283151671060,1.070949744s,SUCCEEDED,true,Write,0,0,0,0
6f744cad-ca9d-44a8-ae6b-a7ae6185df5b,1663328287979814358,1663328289058324616,1.078510034s,SUCCEEDED,true,Write,0,0,0,0
aecd7f50-38af-4a6e-9fe3-072bd6a4987a,1663328289978114763,1663328291149735583,1.17162052s,SUCCEEDED,true,Write,0,0,0,0
3f9af434-ec0b-4c8b-adbd-595691a61cc4,1663328265581233992,1663328266751811278,1.170576882s,SUCCEEDED,true,Write,0,0,0,0
cc5d4330-af0e-470d-8416-a6378cb7705f,1663328266877986216,1663328267952395860,1.074409377s,SUCCEEDED,true,Write,0,0,0,0
112c62fe-a7dd-40b7-b206-cd658c51d2f2,1663328268076496522,1663328269250078203,1.173581454s,SUCCEEDED,true,Write,0,0,0,0
a614fc9f-7ffc-43ea-ba7b-785b4f3dd41e,1663328270379213406,1663328271449572221,1.070358517s,SUCCEEDED,true,Write,0,0,0,0
39d7241a-954e-41c9-a451-b3bd6f195144,1663328281879691204,1663328283150384135,1.270692617s,SUCCEEDED,true,Write,0,0,0,0
cdd1d9b4-06cc-4116-b4ed-738d9eb2a4ca,1663328296580274133,1663328297645438099,1.065163716s,SUCCEEDED,true,Write,0,0,0,0
5290a8f2-8357-4118-be71-baab88136fc8,1663328319779335026,1663328320948225073,1.168889778s,SUCCEEDED,true,Write,0,0,0,0
a5acb9e9-80d5-4da4-8209-c141856e15a7,1663328264077511671,1663328265150241387,1.072729469s,SUCCEEDED,true,Write,0,0,0,0
35545172-21b7-4429-a82f-30d5c3ffc25f,1663328265681001936,1663328266856688427,1.175686096s,SUCCEEDED,true,Write,0,0,0,0
5ded022b-4362-4c1c-8271-179577537b9f,1663328307178881842,1663328308444281564,1.265399485s,SUCCEEDED,true,Write,0,0,0,0
0c4d93c4-d184-41d5-9746-0f2cc161ce03,1663328313879900748,1663328315249445179,1.369544262s,SUCCEEDED,true,Write,0,0,0,0
17a034cb-36e4-4138-810b-165b7ae74249,1663328318680350978,1663328319859060828,1.178709555s,SUCCEEDED,true,Write,0,0,0,0
359d2164-1473-49fa-b156-f6fffb71b290,1663328299779544172,1663328300951738394,1.172193869s,SUCCEEDED,true,Write,0,0,0,0
c84aaf1d-f19c-4cc2-8283-d5d0e38d8bc6,1663328300380189652,1663328301548971224,1.168781194s,SUCCEEDED,true,Write,0,0,0,0
e5364f94-a905-4b97-abb2-53442f5a05d8,1663328306278937163,1663328307357346353,1.078408878s,SUCCEEDED,true,Write,0,0,0,0
c3590543-415c-4932-82b9-25bfea879bbb,1663328263677385258,1663328264751831723,1.074446233s,SUCCEEDED,true,Write,0,0,0,0
2a8bf19b-0673-4635-9d2f-2b2502c3114f,1663328266477275726,1663328267646409468,1.16913341s,SUCCEEDED,true,Write,0,0,0,0
bdce6676-1287-40a5-84d5-bf9ac07f4f7f,1663328284181767524,1663328285449154078,1.26738631s,SUCCEEDED,true,Write,0,0,0,0
ed9e5c8d-eb59-4a63-a8c9-e076b01432dc,1663328290679208493,1663328291649135210,969.926494ms,SUCCEEDED,true,Write,0,0,0,0
53d581a4-c52b-434e-b49f-9987112e5217,1663328295077533029,1663328296254304808,1.176771453s,SUCCEEDED,true,Write,0,0,0,0
13b36d39-33ca-4929-aa1a-5e116ea4757d,1663328300280263439,1663328301353518821,1.073255033s,SUCCEEDED,true,Write,0,0,0,0
5bfecabd-2ffc-47e4-b5a9-eb4eed6608cd,1663328314878987820,1663328315949715508,1.070727333s,SUCCEEDED,true,Write,0,0,0,0
b2ba957d-ba93-4e7b-a90c-b0847f5c3b60,1663328287280792014,1663328288448698479,1.167906166s,SUCCEEDED,true,Write,0,0,0,0
d507c14f-ef9d-4c18-84ee-3f065269faf6,1663328296688501408,1663328297653836216,965.334578ms,SUCCEEDED,true,Write,0,0,0,0
b66e827f-c328-4fa1-9231-8a3f0f5af137,1663328302577690572,1663328303644454513,1.066763678s,SUCCEEDED,true,Write,0,0,0,0
55c58cf8-391f-436b-9a19-b258878409f7,1663328313779494252,1663328314749636575,970.142059ms,SUCCEEDED,true,Write,0,0,0,0
14865db6-7e5a-49e4-b596-3802d1bc0825,1663328315579326578,1663328316753583729,1.17425694s,SUCCEEDED,true,Write,0,0,0,0
08bf3559-a43d-412f-9caa-d64ee6d7c99b,1663328286678340425,1663328287750614921,1.072274183s,SUCCEEDED,true,Write,0,0,0,0
174a6f4b-8a7d-4fd0-b1d2-17bc88d619bd,1663328303178187772,1663328304252022418,1.073834412s,SUCCEEDED,true,Write,0,0,0,0
6ac39c60-b879-409c-a987-74b410cdd4ef,1663328304079193586,1663328305245842142,1.166648347s,SUCCEEDED,true,Write,0,0,0,0
17a19b1e-f36b-4954-824b-7fa31c28d020,1663328261677621515,1663328263048781250,1.371159573s,SUCCEEDED,true,Write,0,0,0,0
19f90892-1fff-4ee8-b626-7fa198724626,1663328267076854500,1663328268147467763,1.070612948s,SUCCEEDED,true,Write,0,0,0,0
68fc31da-6c2e-4079-a464-b6ce2d882c77,1663328273777123661,1663328274951462032,1.174338206s,SUCCEEDED,true,Write,0,0,0,0
1cd03c18-899b-4174-a5e4-bc6efe5ebc9e,1663328282979801027,1663328284055831148,1.076029751s,SUCCEEDED,true,Write,0,0,0,0
509268f6-cf3d-4f94-a4a0-befd9291f454,1663328285179882803,1663328286462034320,1.282151153s,SUCCEEDED,true,Write,0,0,0,0
861d7db6-ceaf-4040-98c2-e886814109db,1663328317777349182,1663328318943898435,1.166549056s,SUCCEEDED,true,Write,0,0,0,0
aee70809-2066-4a64-8fad-e79e002ac6c8,1663328314480022043,1663328315650023767,1.170001364s,SUCCEEDED,true,Write,0,0,0,0
7b88c14c-bd2f-42ed-bd66-16284d98c10d,1663328318177039770,1663328319452279809,1.275239714s,SUCCEEDED,true,Write,0,0,0,0
69425778-3b53-4739-b4b0-e91a1a5894b7,1663328268179058861,1663328269247112295,1.068053144s,SUCCEEDED,true,Write,0,0,0,0
e987a750-9543-49c1-a1c8-487441fb0e6e,1663328274380502990,1663328275447397976,1.066894712s,SUCCEEDED,true,Write,0,0,0,0
586e1be3-b97f-4990-9235-1f71a9399db3,1663328279380940805,1663328280449718826,1.068777678s,SUCCEEDED,true,Write,0,0,0,0
cf110c5f-b69b-46fb-a7f0-6f477771e3d5,1663328296279597813,1663328297456069753,1.176471699s,SUCCEEDED,true,Write,0,0,0,0
8aafa2ea-db98-4474-83b5-1368fa547af7,1663328301380239429,1663328302453768737,1.073528934s,SUCCEEDED,true,Write,0,0,0,0
92200a3e-221d-4819-9a7e-78edee9d9e97,1663328269078782404,1663328270148223443,1.069440725s,SUCCEEDED,true,Write,0,0,0,0
06af093b-6686-44d2-b03f-85f220b8c956,1663328281978499149,1663328283151660072,1.173160552s,SUCCEEDED,true,Write,0,0,0,0
df7bad66-a999-493c-bb4a-6b2c7fe38491,1663328303077080634,1663328304249955779,1.172874916s,SUCCEEDED,true,Write,0,0,0,0
6bf38611-5f60-4baa-a12b-66964bc7090d,1663328310881288758,1663328311949751714,1.068462467s,SUCCEEDED,true,Write,0,0,0,0
4363137b-0a79-4003-94ff-16d7bf3dc8be,1663328315379509425,1663328316450179131,1.070669441s,SUCCEEDED,true,Write,0,0,0,0
3a2dc082-ecbd-4f0e-9ec7-7001d8adcf09,1663328311080042207,1663328312254063403,1.174020237s,SUCCEEDED,true,Write,0,0,0,0
ac70faca-08bb-4c9d-a5f7-aa529e60f1ff,1663328270179452188,1663328271450065890,1.270613413s,SUCCEEDED,true,Write,0,0,0,0
a349861c-8f4f-46d7-926f-ce30aefc5f46,1663328290981169740,1663328292253639626,1.272469532s,SUCCEEDED,true,Write,0,0,0,0
2b14d0ef-d51b-41e2-99dd-f83920d76c16,1663328291280309096,1663328292449034740,1.168725429s,SUCCEEDED,true,Write,0,0,0,0
e9abb87a-2797-4ce2-a102-54cfb897a047,1663328306380635955,1663328307451742369,1.071106245s,SUCCEEDED,true,Write,0,0,0,0
cbfb52ad-388e-45c1-8547-80648c7fa723,1663328309478912532,1663328310651627478,1.172714561s,SUCCEEDED,true,Write,0,0,0,0
127f9002-3cc3-4634-9997-8fbd7bea2f4e,1663328287779657531,1663328288957121715,1.177463879s,SUCCEEDED,true,Write,0,0,0,0
f2539b93-d87b-4e76-b9c8-7cd668dba9c9,1663328302779425512,1663328303949525270,1.170099348s,SUCCEEDED,true,Write,0,0,0,0
9590fd28-4d80-4a2e-9b9f-0cef704cb14d,1663328317879764133,1663328318947346234,1.067581843s,SUCCEEDED,true,Write,0,0,0,0
ecc216f1-04a9-4e25-baf7-194497f1be2e,1663328318580980100,1663328319652716965,1.071736425s,SUCCEEDED,true,Write,0,0,0,0
50ee9e92-ded1-491e-b2aa-aaee898d9833,1663328269577552041,1663328270749432194,1.171879816s,SUCCEEDED,true,Write,0,0,0,0
3dcec496-1ac1-4051-b6e2-cda89919dfd1,1663328273080934359,1663328274148427081,1.067492234s,SUCCEEDED,true,Write,0,0,0,0
af7f3600-b408-45a2-b142-523882f39869,1663328286380351416,1663328287450694563,1.070342835s,SUCCEEDED,true,Write,0,0,0,0
8d46ae93-b3a2-4034-8fad-609e81ec77fc,1663328312976371653,1663328314252693806,1.276322s,SUCCEEDED,true,Write,0,0,0,0
e5a8e14b-61f4-4306-8a07-3cbbb5667081,1663328313079406984,1663328314256015010,1.176607668s,SUCCEEDED,true,Write,0,0,0,0
6059420a-40bf-4ae2-84ad-4b817fb09093,1663328282880143381,1663328284154431133,1.274287407s,SUCCEEDED,true,Write,0,0,0,0
64cfe0da-0b18-47bd-abe3-d697b0c4251c,1663328304377045267,1663328305454828557,1.077783025s,SUCCEEDED,true,Write,0,0,0,0
e4a32b19-a837-45a8-993f-148482bc6ffe,1663328320076899898,1663328321148592799,1.071692636s,SUCCEEDED,true,Write,0,0,0,0
454a7cb4-446a-4253-8b0f-b9eb6865ed11,1663328262379894067,1663328263549056524,1.169162167s,SUCCEEDED,true,Write,0,0,0,0
a1f7f190-2ca0-4333-b4ae-cdcd33b4cdbc,1663328264779407107,1663328265950920047,1.171512725s,SUCCEEDED,true,Write,0,0,0,0
0d3bea82-b8db-4073-904d-8b7e5a8b5f0d,1663328272483539673,1663328273659649613,1.176109587s,SUCCEEDED,true,Write,0,0,0,0
f1e8e51b-7bb9-4cc4-ac88-f1a5c5331908,1663328291880360086,1663328292952888060,1.072527728s,SUCCEEDED,true,Write,0,0,0,0
04a25a13-31c9-48e6-a4a8-97f560027998,1663328311380072613,1663328312448157552,1.068084532s,SUCCEEDED,true,Write,0,0,0,0
0f238698-40fb-4987-bb55-a89396630534,1663328263978856435,1663328265054130827,1.075273972s,SUCCEEDED,true,Write,0,0,0,0
efb0499b-b4bd-42c5-8c69-99a2e28935a4,1663328285078870379,1663328286247946433,1.169075672s,SUCCEEDED,true,Write,0,0,0,0
cecbb881-bbc9-4172-9d58-e75bab434949,1663328290878557500,1663328292251999910,1.373442175s,SUCCEEDED,true,Write,0,0,0,0
cb527fd4-caff-49b1-8466-e2fce53a9809,1663328297176991919,1663328298152768143,975.776006ms,SUCCEEDED,true,Write,0,0,0,0
eb851719-7981-476d-b138-b87c6a877c22,1663328305677039751,1663328306752229813,1.075189761s,SUCCEEDED,true,Write,0,0,0,0
11c386b9-afcf-4ea1-95c2-dc646a95d73e,1663328267279202746,1663328268449283331,1.170080199s,SUCCEEDED,true,Write,0,0,0,0
f0b3636a-0a8c-4426-b8c0-e000f6e5e97f,1663328280980763258,1663328282150189724,1.169426034s,SUCCEEDED,true,Write,0,0,0,0
e0cc4a28-1d66-4c67-b45b-550546ba61e1,1663328284479267574,1663328285468863594,989.595672ms,SUCCEEDED,true,Write,0,0,0,0
ba062e9e-6ab9-4d6a-9837-732de5c8ebb2,1663328295382748876,1663328296447500194,1.064750967s,SUCCEEDED,true,Write,0,0,0,0
9d581b82-d6c4-4133-a644-accb7b55c89c,1663328307379643611,1663328308448909067,1.06926508s,SUCCEEDED,true,Write,0,0,0,0
49458233-d866-499a-bbcc-c7bab6dcc44c,1663328288081535213,1663328289150365873,1.068830469s,SUCCEEDED,true,Write,0,0,0,0
a7ac9bab-7bea-4b45-b120-d7278838b407,1663328301478612547,1663328302751881740,1.273268893s,SUCCEEDED,true,Write,0,0,0,0
0198ab65-74d7-4015-9c3b-d0bd5b9e9f5d,1663328308977449896,1663328309966462818,989.012562ms,SUCCEEDED,true,Write,0,0,0,0
d9c3a901-d9a5-45b2-9581-8eb716ac5b0f,1663328262480493791,1663328263549074842,1.068580866s,SUCCEEDED,true,Write,0,0,0,0
619ec4da-6761-47f8-b739-4427d3bd8b94,1663328271678923651,1663328272757326477,1.078402392s,SUCCEEDED,true,Write,0,0,0,0
cbcb59a6-178c-47f2-b391-40c54172445f,1663328273479193021,1663328274746384205,1.267190856s,SUCCEEDED,true,Write,0,0,0,0
e1b515d3-43a3-47cf-8229-72950f0d1e85,1663328275878299043,1663328276952463221,1.074163809s,SUCCEEDED,true,Write,0,0,0,0
89e56537-d849-4300-9afc-630976413698,1663328283080246857,1663328284146085907,1.065838573s,SUCCEEDED,true,Write,0,0,0,0
49cc5e10-3aa3-4e5b-bb5f-553295baeea1,1663328270080855460,1663328271147763011,1.066907353s,SUCCEEDED,true,Write,0,0,0,0
699c0d54-268d-437e-a994-b9c00f48d050,1663328288980219273,1663328290151749168,1.171529433s,SUCCEEDED,true,Write,0,0,0,0
6a9bf28a-4a11-41b2-93fd-4b294bda86e1,1663328301978737231,1663328303251594390,1.272856775s,SUCCEEDED,true,Write,0,0,0,0
fdd14136-c9c3-48da-9a29-e459863862e5,1663328313577810182,1663328314746513150,1.168702717s,SUCCEEDED,true,Write,0,0,0,0
7efb48d7-e8ba-4eb0-915f-7608db3929a4,1663328315878887767,1663328316953783702,1.07489563s,SUCCEEDED,true,Write,0,0,0,0
299538b7-530a-4bed-b728-25e976b14656,1663328283784295757,1663328284953537909,1.169241715s,SUCCEEDED,true,Write,0,0,0,0
61aec83e-a390-4d1e-8ce4-583defe40ff3,1663328285881043233,1663328287153623858,1.272580283s,SUCCEEDED,true,Write,0,0,0,0
6bcfbda4-0441-4732-9a42-142ac07b47b9,1663328294380375650,1663328295658504337,1.278128322s,SUCCEEDED,true,Write,0,0,0,0
d4f61df6-d513-452c-946b-162349d91a8a,1663328316077290167,1663328317247492402,1.170201943s,SUCCEEDED,true,Write,0,0,0,0
29702fc9-28cb-4b20-9709-d2d3dd431bca,1663328320880466316,1663328321853879862,973.413126ms,SUCCEEDED,true,Write,0,0,0,0
940cb847-433f-4d25-9100-f0fd9f2aa915,1663328273579557704,1663328274747070486,1.167512481s,SUCCEEDED,true,Write,0,0,0,0
d1cd23c9-6e62-4964-9010-3591180cd9bc,1663328279580539171,1663328280754780718,1.17424119s,SUCCEEDED,true,Write,0,0,0,0
e4c866d3-a24d-4770-91e2-084381c2d9cb,1663328289778946730,1663328290951707053,1.172759946s,SUCCEEDED,true,Write,0,0,0,0
81ce34b6-7dca-4a24-8f1c-e4351c68c51f,1663328305477582308,1663328306747489303,1.269906669s,SUCCEEDED,true,Write,0,0,0,0
fb3a4f3f-ec24-4001-aa59-1c49e2206711,1663328264578359093,1663328265756670379,1.178310884s,SUCCEEDED,true,Write,0,0,0,0
6ca6940f-9ce5-47a3-ac71-69fe50f28182,1663328266577154167,1663328267647159149,1.070004666s,SUCCEEDED,true,Write,0,0,0,0
33bc6c55-4251-4bba-8eb3-fa0752365fbb,1663328295278583594,1663328296449379089,1.170795184s,SUCCEEDED,true,Write,0,0,0,0
135ca4a8-2a59-450f-9ac1-a660ebdafa32,1663328297378771122,1663328298453952021,1.075180532s,SUCCEEDED,true,Write,0,0,0,0
960302ec-fce9-4d49-8459-edafd3ba2b37,1663328306981181892,1663328308249548799,1.268366629s,SUCCEEDED,true,Write,0,0,0,0
14114eff-2038-4762-804d-600ce0c4a94a,1663328263481441856,1663328264473049759,991.607624ms,SUCCEEDED,true,Write,0,0,0,0
8bfbf8c1-3a60-4ac9-bdd6-3c7a91f58442,1663328273678827881,1663328274951450757,1.272622585s,SUCCEEDED,true,Write,0,0,0,0
8aac05da-59e3-492d-9767-56db57347d4b,1663328284580190273,1663328285750625082,1.170434443s,SUCCEEDED,true,Write,0,0,0,0
a7f1335e-b6b1-46eb-9934-bc00cab103f7,1663328317476502133,1663328318468674505,992.172004ms,SUCCEEDED,true,Write,0,0,0,0
9d25221f-a29a-4724-9bad-159b88e9daa4,1663328274778326162,1663328275951169490,1.172843031s,SUCCEEDED,true,Write,0,0,0,0
3d59cec5-6bcb-4d47-b3c1-c80a910e1551,1663328319278580649,1663328320452248241,1.173667299s,SUCCEEDED,true,Write,0,0,0,0
0b5a9d61-1041-4f02-b518-4309b85cb041,1663328320680626055,1663328321672832716,992.206302ms,SUCCEEDED,true,Write,0,0,0,0
66281c48-3fca-4035-8fbf-b766a0d3bb98,1663328290279908641,1663328291448958195,1.169049227s,SUCCEEDED,true,Write,0,0,0,0
511a395f-b167-4659-8d9c-3c2670b4c30c,1663328298779066387,1663328299948721639,1.169654965s,SUCCEEDED,true,Write,0,0,0,0
6bbd7fd0-a7bd-4060-ac66-52afa2057a93,1663328309580190494,1663328310647374384,1.06718353s,SUCCEEDED,true,Write,0,0,0,0
03b91488-e48f-4961-a621-4ff4d6382b46,1663328264376714727,1663328265451429019,1.07471402s,SUCCEEDED,true,Write,0,0,0,0
d10c2e17-ac1e-4e77-8611-1273298a1733,1663328272577745972,1663328273656966320,1.079220081s,SUCCEEDED,true,Write,0,0,0,0
13ccfd4f-452a-4833-9321-9c80312fadb4,1663328274180357515,1663328275148687914,968.330021ms,SUCCEEDED,true,Write,0,0,0,0
7bf4942c-0bbc-47e1-a298-eb07a1eb52bb,1663328292379987673,1663328293449302683,1.06931466s,SUCCEEDED,true,Write,0,0,0,0
bd6d1a5c-c10c-4621-8e16-792cb540c7ae,1663328300876982811,1663328301954207240,1.077224112s,SUCCEEDED,true,Write,0,0,0,0
0d5e8675-627b-4ea6-9f0e-7d637cdde21c,1663328300680062396,1663328301953393454,1.273330836s,SUCCEEDED,true,Write,0,0,0,0
77bd99f3-4ff9-4548-9bb7-042d12c7f8e1,1663328262180710028,1663328263549066308,1.368356058s,SUCCEEDED,true,Write,0,0,0,0
ce84792a-b6d9-4f5d-a5ae-a724aadfb5a5,1663328285379005070,1663328286455618445,1.076613073s,SUCCEEDED,true,Write,0,0,0,0
f926814b-cbcd-4d48-aa59-91aea0222d5e,1663328291979312896,1663328292980406286,1.00109293s,SUCCEEDED,true,Write,0,0,0,0
c8a3ada8-3010-467c-929e-28e12b106af5,1663328294076281009,1663328295251093708,1.1748125s,SUCCEEDED,true,Write,0,0,0,0
65d77676-cba7-4338-980d-2d28e9978df6,1663328297079607122,1663328298150569853,1.070962453s,SUCCEEDED,true,Write,0,0,0,0
a8a171c3-e950-4e9c-a3c2-b5730a107448,1663328282279115824,1663328283450340141,1.171223957s,SUCCEEDED,true,Write,0,0,0,0
597b381c-e60c-412c-b7f3-9d936e0507de,1663328292477051377,1663328293650894307,1.173842665s,SUCCEEDED,true,Write,0,0,0,0
2bfc948e-4d7b-4e39-b08a-20830ba14e51,1663328293679610958,1663328294774296640,1.094685455s,SUCCEEDED,true,Write,0,0,0,0
f14f6eeb-260f-4f93-bd92-5a3d5a9b3202,1663328308876696569,1663328309949263481,1.072566555s,SUCCEEDED,true,Write,0,0,0,0
5af9539a-7909-4263-8a88-6c0677c2b53e,1663328313179439996,1663328314251164712,1.071724525s,SUCCEEDED,true,Write,0,0,0,0
76230d5b-40ee-482f-9e51-e3cca0d82e8b,1663328267882365740,1663328268949956735,1.067590745s,SUCCEEDED,true,Write,0,0,0,0
ae3604bc-4432-410c-9211-790506909945,1663328299478570402,1663328300656543996,1.177973209s,SUCCEEDED,true,Write,0,0,0,0
a99a1810-f349-4ec0-9638-27ed42dc4321,1663328318980054418,1663328320150885003,1.17083022s,SUCCEEDED,true,Write,0,0,0,0
02ad69b8-3098-4745-ab7c-b05a40c919ed,1663328261880983071,1663328263047063208,1.166079867s,SUCCEEDED,true,Write,0,0,0,0
f6a8104b-0ebf-4ee5-b2bc-798c8612c916,1663328277380175999,1663328278449934615,1.069758397s,SUCCEEDED,true,Write,0,0,0,0
cc66c416-6796-4a79-ad74-bcfb349e8c4a,1663328297879674122,1663328299050043201,1.17036881s,SUCCEEDED,true,Write,0,0,0,0
b3d23183-dc52-470a-b4a8-20f58ae6e53b,1663328300580801045,1663328301751779458,1.17097808s,SUCCEEDED,true,Write,0,0,0,0
547101dd-3388-4869-a2cc-ab088870a41c,1663328304879867298,1663328305953065058,1.07319751s,SUCCEEDED,true,Write,0,0,0,0
93273f23-96e7-4f92-9b57-f6511f515c48,1663328301580810201,1663328302752985555,1.172175077s,SUCCEEDED,true,Write,0,0,0,0
8cbef5fe-196b-40b5-b4d3-f1f7cbe6f942,1663328262979710653,1663328264258901443,1.279190554s,SUCCEEDED,true,Write,0,0,0,0
70871abc-f625-4540-ac97-1ad5d3dc21ea,1663328276880444784,1663328277947689199,1.067244039s,SUCCEEDED,true,Write,0,0,0,0
24ebe322-d2e0-42df-a188-aff88f89eac0,1663328295479575568,1663328296481089845,1.001513963s,SUCCEEDED,true,Write,0,0,0,0
de4b3f2d-4f54-4d97-a2a1-4888e0329e66,1663328297778922409,1663328299051212350,1.272289514s,SUCCEEDED,true,Write,0,0,0,0
26afadec-b411-4fcc-aee6-a840aa313747,1663328298380070469,1663328299450350692,1.070279829s,SUCCEEDED,true,Write,0,0,0,0
1d73d8f4-a17b-438d-ab96-7593dc12bafb,1663328279079606605,1663328280146961159,1.067354246s,SUCCEEDED,true,Write,0,0,0,0
8b446af9-bfd2-4791-b210-32a04c900900,1663328284378547010,1663328285747084651,1.368537338s,SUCCEEDED,true,Write,0,0,0,0
a58279c5-2ed1-4a2d-ba99-2c63c89c73f2,1663328305380077140,1663328306450539161,1.070461645s,SUCCEEDED,true,Write,0,0,0,0
d0e920e5-48cf-4f2f-b783-cc1d17f677ae,1663328307981026897,1663328309151115267,1.170087669s,SUCCEEDED,true,Write,0,0,0,0
f321df9e-d72b-4fe0-b247-c9ceeaa9f629,1663328319880734795,1663328320945845069,1.06510981s,SUCCEEDED,true,Write,0,0,0,0
fa3d64b6-ebd0-4e0e-874c-b7ed9e881d9f,1663328311177219421,1663328312443867922,1.26664821s,SUCCEEDED,true,Write,0,0,0,0
3f448db5-7cc4-41ee-9455-a6fce4cf007b,1663328268381668452,1663328269452912059,1.071243277s,SUCCEEDED,true,Write,0,0,0,0
a5e3ef5d-7dfa-4b3c-93da-6ed667edd317,1663328269379229815,1663328270448151181,1.068921038s,SUCCEEDED,true,Write,0,0,0,0
92bc5027-57a2-4a1a-be28-245207f45a3d,1663328287679023449,1663328288650131400,971.107626ms,SUCCEEDED,true,Write,0,0,0,0
31549b9f-73d1-4001-a107-f2041a7805e9,1663328305579567180,1663328306752550246,1.172982802s,SUCCEEDED,true,Write,0,0,0,0
31c4f02b-d93f-4f11-be16-faa88a2a3dd6,1663328310181317974,1663328311152976277,971.658065ms,SUCCEEDED,true,Write,0,0,0,0
eb65519f-a7cc-451a-8707-536f95531101,1663328308378611162,1663328309351114559,972.503129ms,SUCCEEDED,true,Write,0,0,0,0
5b5c0d1b-95aa-4c7d-bbcf-b277e63c01d0,1663328312580432955,1663328313650965063,1.070531902s,SUCCEEDED,true,Write,0,0,0,0
894745f7-d5cb-46eb-80a8-3bccc8540ca8,1663328316678677162,1663328317651669794,972.992397ms,SUCCEEDED,true,Write,0,0,0,0
6b275860-b19e-45db-9e30-72e1fc1f40b7,1663328262079304326,1663328263252939836,1.173635223s,SUCCEEDED,true,Write,0,0,0,0
bf13bb98-421a-4d99-a1bb-e03a6a9944fe,1663328269178765309,1663328270166088904,987.323199ms,SUCCEEDED,true,Write,0,0,0,0
dff9b993-2eae-44ee-9332-a6734e689f62,1663328271079169748,1663328272151596778,1.072426613s,SUCCEEDED,true,Write,0,0,0,0
0e151fa8-e437-4f3c-b134-bf83a7b1cada,1663328298680183707,1663328299653557141,973.373031ms,SUCCEEDED,true,Write,0,0,0,0
8975103f-c61b-4ac7-864c-14a7062248d8,1663328307082969856,1663328308249533528,1.166563295s,SUCCEEDED,true,Write,0,0,0,0
b7f116bb-669e-448a-940c-456c05f5642a,1663328312477088579,1663328313553578854,1.076489985s,SUCCEEDED,true,Write,0,0,0,0
a46a211c-4d8f-480e-b963-82989d77b469,1663328317680518153,1663328318751521341,1.070993675s,SUCCEEDED,true,Write,0,0,0,0
16dac3a7-4a9b-4a76-b273-246b6c3718a0,1663328261479455166,1663328262753026717,1.273571155s,SUCCEEDED,true,Write,0,0,0,0
73ef3f86-3e84-4d31-b42e-a2678f07a62f,1663328267181290361,1663328268447675726,1.266385006s,SUCCEEDED,true,Write,0,0,0,0
afb7bea9-ade9-4997-95d4-a9a4399e0f20,1663328281579292295,1663328282650120609,1.07082793s,SUCCEEDED,true,Write,0,0,0,0
e52364de-0242-42de-8c03-35a8ead2c75a,1663328282578964067,1663328283651263539,1.072299061s,SUCCEEDED,true,Write,0,0,0,0
0606c1a1-97a8-4646-a541-90aa51da3a87,1663328287079584925,1663328288249524812,1.16993943s,SUCCEEDED,true,Write,0,0,0,0
b2c8799f-03b5-4fea-8396-46c5ab265eac,1663328300980164271,1663328302258172315,1.278007803s,SUCCEEDED,true,Write,0,0,0,0
f1a0506c-f57f-4304-a7c6-8166ec19512d,1663328263379871633,1663328264452977666,1.073105583s,SUCCEEDED,true,Write,0,0,0,0
e162bf01-17cd-4560-a16f-e226e35bfb36,1663328267379568360,1663328268449591978,1.070023308s,SUCCEEDED,true,Write,0,0,0,0
255308dd-743a-4953-945e-70ffec8d2bb4,1663328269478497576,1663328270750676675,1.272178676s,SUCCEEDED,true,Write,0,0,0,0
4ee7a06a-fef2-48e5-897e-02e89e4d0cff,1663328290079077427,1663328291150573467,1.071495738s,SUCCEEDED,true,Write,0,0,0,0
414cdebb-4157-4e95-a501-74e669dc2c0d,1663328293977407993,1663328295254809786,1.277401576s,SUCCEEDED,true,Write,0,0,0,0
9b63b8f4-9443-4081-ac12-26e2fb0c796d,1663328313281230475,1663328314552113459,1.27088265s,SUCCEEDED,true,Write,0,0,0,0
34f37153-5a8e-42b3-8356-baa8a7fffdaf,1663328263780171110,1663328264950106450,1.16993502s,SUCCEEDED,true,Write,0,0,0,0
c13aaca8-162f-4447-9171-e6dbb8031ed5,1663328266180846067,1663328267251743559,1.070897225s,SUCCEEDED,true,Write,0,0,0,0
877aa5b4-edaa-4615-8ddd-4566a908a36c,1663328276280949026,1663328277451328351,1.170379078s,SUCCEEDED,true,Write,0,0,0,0
d382482f-5009-445e-b89c-62cceee1f4fa,1663328278680375440,1663328279957264073,1.276888435s,SUCCEEDED,true,Write,0,0,0,0
bb96ddcb-8c75-466e-964a-b0126d3e6f90,1663328281479023271,1663328282651731182,1.172707541s,SUCCEEDED,true,Write,0,0,0,0
2974124e-a39a-4b5b-930c-c3a9909656a6,1663328264476637468,1663328265473014462,996.376803ms,SUCCEEDED,true,Write,0,0,0,0
864094ca-98c0-4bab-a1fc-522630d5350e,1663328266276684112,1663328267456257454,1.179573122s,SUCCEEDED,true,Write,0,0,0,0
25745e86-2d9b-4f17-b739-4d6fc7bb88fe,1663328267476787129,1663328268649802089,1.173014702s,SUCCEEDED,true,Write,0,0,0,0
cf89b79e-b8f4-4fb5-9213-3ff8b3f7a256,1663328314580473031,1663328315650162392,1.06968898s,SUCCEEDED,true,Write,0,0,0,0
9a9898e0-2203-4fc9-a438-e63ee9cdb393,1663328319979314412,1663328321054685237,1.07537051s,SUCCEEDED,true,Write,0,0,0,0
a07d61cf-070b-4d00-8996-c07db2f2e7c4,1663328290578884292,1663328291648648260,1.069763638s,SUCCEEDED,true,Write,0,0,0,0
9dbf53ce-82bf-4630-9c80-223f65891b20,1663328290780102224,1663328291951109828,1.171007247s,SUCCEEDED,true,Write,0,0,0,0
64d05b2b-f8d9-44d7-82ef-0fe0cbfd0103,1663328293078659302,1663328294149216928,1.070557176s,SUCCEEDED,true,Write,0,0,0,0
7d876844-6aa7-4bc5-9908-3e95b4f578e2,1663328283276483730,1663328284461497080,1.185013015s,SUCCEEDED,true,Write,0,0,0,0
5d086fd7-4a98-4951-a233-230e8b1c1054,1663328284879685284,1663328286250282644,1.370596958s,SUCCEEDED,true,Write,0,0,0,0
0cdb1c8d-0e47-4536-963b-bb54b0836fef,1663328285681682361,1663328286953144739,1.271462014s,SUCCEEDED,true,Write,0,0,0,0
17b5262c-91d1-494d-846c-468d521f202e,1663328302678813796,1663328303644962670,966.148503ms,SUCCEEDED,true,Write,0,0,0,0
e431d023-9534-4851-b62f-8bf5ac69f8c0,1663328305179621231,1663328306154424832,974.803173ms,SUCCEEDED,true,Write,0,0,0,0
25ee29eb-f0da-448e-9635-3e9ad86c8564,1663328276980271906,1663328277967946270,987.673957ms,SUCCEEDED,true,Write,0,0,0,0
0d5a0d41-3cc2-4dea-991c-6b5b6cf962d2,1663328286182474694,1663328287164732120,982.256951ms,SUCCEEDED,true,Write,0,0,0,0
ca53155c-cb7c-476c-a33d-84bec5dded31,1663328303881031332,1663328304951670009,1.070638277s,SUCCEEDED,true,Write,0,0,0,0
8a116253-e185-4b79-9a2f-6e47b9fad112,1663328310080213110,1663328311145179134,1.064965631s,SUCCEEDED,true,Write,0,0,0,0
7e618512-51c6-45e2-838d-d422d2cb3bde,1663328262877744645,1663328263954034000,1.076288998s,SUCCEEDED,true,Write,0,0,0,0
c94d022f-38ec-461a-ae1d-86928417584c,1663328291382589559,1663328292452134777,1.069544825s,SUCCEEDED,true,Write,0,0,0,0
686d4e30-aa24-4ff9-8580-55d906d7c4bd,1663328313379329966,1663328314657089381,1.277759159s,SUCCEEDED,true,Write,0,0,0,0
6b5fa780-521f-4743-840f-f434590854e5,1663328282680352221,1663328283854952953,1.174600285s,SUCCEEDED,true,Write,0,0,0,0
9200fe19-7afd-4efc-8ff4-33cafe959380,1663328299578966630,1663328300655513738,1.076546779s,SUCCEEDED,true,Write,0,0,0,0
3621558d-3426-4ca5-8972-9ca7960bdfb8,1663328316778025209,1663328317951553234,1.173527848s,SUCCEEDED,true,Write,0,0,0,0
533af29d-6a3e-43a5-abda-281c7359cf67,1663328317181116419,1663328318452573777,1.271456997s,SUCCEEDED,true,Write,0,0,0,0
c66040f0-4b35-4c01-a3c8-d7f3f618c352,1663328319077302582,1663328320155137543,1.077834576s,SUCCEEDED,true,Write,0,0,0,0
39e538fd-c463-408d-9c01-1347c872d9a2,1663328319379393215,1663328320452043643,1.072650067s,SUCCEEDED,true,Write,0,0,0,0
013950fa-594f-4a40-9a79-fed67b917443,1663328281080635836,1663328282148154884,1.067518746s,SUCCEEDED,true,Write,0,0,0,0
ec6d7ee1-9326-4ce5-963b-e2ec502dd36e,1663328282379704257,1663328283555347019,1.175642321s,SUCCEEDED,true,Write,0,0,0,0
5c3d773b-decf-4889-9e1c-b251acb96cb0,1663328296978743281,1663328298150702013,1.171958441s,SUCCEEDED,true,Write,0,0,0,0
356515ce-ec4b-4911-aed1-07845cca5041,1663328298480696209,1663328299653347420,1.17265086s,SUCCEEDED,true,Write,0,0,0,0
39ff262f-19fb-4620-8bba-b6b8a43710b2,1663328314279222384,1663328315448943978,1.169721276s,SUCCEEDED,true,Write,0,0,0,0
8cbd02f5-48ec-493b-be55-431ceadb6e5f,1663328270279787951,1663328271447291081,1.167502764s,SUCCEEDED,true,Write,0,0,0,0
3b6ed039-a18c-4f4a-82e6-732da33a1791,1663328286979186966,1663328288249768192,1.270580883s,SUCCEEDED,true,Write,0,0,0,0
c3137ea9-5432-490f-b8d8-c2667707fc30,1663328300177193469,1663328301256407248,1.079213444s,SUCCEEDED,true,Write,0,0,0,0
5fa3195e-b0ca-4684-a601-2890060598e4,1663328305276853827,1663328306450885192,1.174031109s,SUCCEEDED,true,Write,0,0,0,0
ff1b42c1-3328-406c-957e-a1f0200bd940,1663328312879120570,1663328313951033549,1.071912585s,SUCCEEDED,true,Write,0,0,0,0
a29c1fee-863a-4974-8f5b-29a7ab373ff9,1663328261277173679,1663328262450970527,1.173796517s,SUCCEEDED,true,Write,0,0,0,0
d3e6f704-c137-4890-a6ee-883735eaf435,1663328269678110516,1663328270947008097,1.268897261s,SUCCEEDED,true,Write,0,0,0,0
04f70754-d5cc-4b3b-b187-672cb9aa9bb3,1663328310976606548,1663328312251748908,1.275142082s,SUCCEEDED,true,Write,0,0,0,0
c0c45343-2bdf-4b7b-b3ab-c1e0e46278ab,1663328317979047800,1663328319150102161,1.17105397s,SUCCEEDED,true,Write,0,0,0,0
fdbe0270-6c2c-4449-aecc-da46204943ca,1663328320478867149,1663328321651151328,1.17228382s,SUCCEEDED,true,Write,0,0,0,0
aab908ea-ddd2-4b22-a1c9-32ce09cce20f,1663328316578311895,1663328317649645220,1.071333023s,SUCCEEDED,true,Write,0,0,0,0
6333d1bf-a013-4907-975c-b5209fa3f1e0,1663328269879449299,1663328270950585361,1.071135775s,SUCCEEDED,true,Write,0,0,0,0
9f897e67-84d2-478d-a3bd-92d001f0d1dd,1663328277981555864,1663328279249316292,1.26776008s,SUCCEEDED,true,Write,0,0,0,0
dc61d018-3ee7-41d6-9f4c-a60a02840fde,1663328290480209564,1663328291558502081,1.078292245s,SUCCEEDED,true,Write,0,0,0,0
792e3df5-9887-4137-96ae-1257a271897a,1663328302480535098,1663328303558146907,1.077611549s,SUCCEEDED,true,Write,0,0,0,0
c4f97818-2d24-45b9-87a0-ab485c4c0f53,1663328316380150073,1663328317448460029,1.068309619s,SUCCEEDED,true,Write,0,0,0,0
f7a13335-2981-4732-8bca-2de98b5b7d7c,1663328310480103580,1663328311472674720,992.570873ms,SUCCEEDED,true,Write,0,0,0,0
d21cc106-7a60-479b-bee1-47afc756feb2,1663328275480570315,1663328276465779981,985.209294ms,SUCCEEDED,true,Write,0,0,0,0
0cea192d-25c4-47d4-86ab-82aa6d931fd6,1663328276380648788,1663328277451452049,1.070803043s,SUCCEEDED,true,Write,0,0,0,0
3de6faa1-f1a0-47da-8f19-713e84add74a,1663328276778883180,1663328277946974766,1.168091357s,SUCCEEDED,true,Write,0,0,0,0
7da161ed-6835-4ae4-a79a-9cab270c8b1b,1663328282181429196,1663328283153742631,972.313092ms,SUCCEEDED,true,Write,0,0,0,0
6425dd74-379c-4ccb-a70a-3db951dd3bc6,1663328288180670654,1663328289153163527,972.492643ms,SUCCEEDED,true,Write,0,0,0,0
a9a03534-7d3b-4978-8fe4-7a3299953fc4,1663328267981203777,1663328269247565596,1.266361599s,SUCCEEDED,true,Write,0,0,0,0
1f131616-60c1-4224-a380-88e760a1b767,1663328310779294360,1663328311949057304,1.169762643s,SUCCEEDED,true,Write,0,0,0,0
bfa70bc4-7849-49cb-8726-09ff3ae6bef0,1663328271479739741,1663328272650505330,1.170765218s,SUCCEEDED,true,Write,0,0,0,0
bb2ace39-1776-4e2a-ab81-3af4a222f022,1663328286079349193,1663328287156658843,1.077309196s,SUCCEEDED,true,Write,0,0,0,0
7df294fa-edf7-462d-93e9-d301f0766f64,1663328297681301414,1663328299051337889,1.370036266s,SUCCEEDED,true,Write,0,0,0,0
ad141d22-db42-417c-ba9e-11ec47420b77,1663328312177474569,1663328313250182109,1.07270725s,SUCCEEDED,true,Write,0,0,0,0
74305092-d841-4419-82ac-f21dee7c1655,1663328277780246616,1663328278951453755,1.171206768s,SUCCEEDED,true,Write,0,0,0,0
7eb9b03a-3bed-4f40-8ec8-43ea35b953e7,1663328285978096737,1663328287153840463,1.175743371s,SUCCEEDED,true,Write,0,0,0,0
90f6749c-e4fd-4360-ba02-d2af4e7f1fee,1663328288679569828,1663328289949463752,1.269893668s,SUCCEEDED,true,Write,0,0,0,0
9f557730-086a-4452-8e1b-8d75c0d796a3,1663328289476325901,1663328290655963433,1.179637213s,SUCCEEDED,true,Write,0,0,0,0
507f157f-2f0c-4214-8691-a851942bc22d,1663328299878948520,1663328300953540093,1.074591234s,SUCCEEDED,true,Write,0,0,0,0
dc0f3792-4589-48af-86e0-c4bbff6afcc9,1663328318280587517,1663328319453244979,1.172657021s,SUCCEEDED,true,Write,0,0,0,0
f94c33a7-1725-4f8c-be64-1a709a7154d9,1663328261181464408,1663328262457014599,1.275549947s,SUCCEEDED,true,Write,0,0,0,0
fd389208-13ba-4219-9de7-578d2fb5c3f5,1663328287377184990,1663328288553972832,1.176787567s,SUCCEEDED,true,Write,0,0,0,0
3cb1953f-43a6-4350-9758-2f5371d3db93,1663328288278915815,1663328289454462440,1.175546069s,SUCCEEDED,true,Write,0,0,0,0
cb47cdc5-3434-4415-acc0-36e1ec2d9921,1663328293476529375,1663328294467852693,991.323143ms,SUCCEEDED,true,Write,0,0,0,0
2b649cd3-9ba2-43b0-bcba-2f7764e80d0b,1663328298181140518,1663328299273114847,1.091973587s,SUCCEEDED,true,Write,0,0,0,0
3c46004b-075c-4611-a573-084c89c8a2f6,1663328261378654618,1663328262657336771,1.278681804s,SUCCEEDED,true,Write,0,0,0,0
840898d2-1d8d-4561-a162-6ccd362130c9,1663328312679378888,1663328313647797007,968.417909ms,SUCCEEDED,true,Write,0,0,0,0
f586a5c4-5322-4f62-94a6-8f089cffe32a,1663328270879559809,1663328271971318870,1.091758706s,SUCCEEDED,true,Write,0,0,0,0
914a25fa-11c5-4b5d-8b61-4eec52e196f9,1663328271878538570,1663328272951454172,1.072915156s,SUCCEEDED,true,Write,0,0,0,0
c50a00b8-07eb-49fc-86bf-e7ac99e56fdc,1663328279682086148,1663328280951941697,1.269855081s,SUCCEEDED,true,Write,0,0,0,0
809f5eb7-d3b4-4d81-885b-9a6fab8a02fb,1663328283578870884,1663328284653175897,1.074304701s,SUCCEEDED,true,Write,0,0,0,0
cb803dd3-b66e-4fe3-a7c3-eb5b1ef7a2d0,1663328297979947939,1663328299146246479,1.166298114s,SUCCEEDED,true,Write,0,0,0,0
92076b71-6bd4-4907-970e-67c5a297b010,1663328275577073271,1663328276657576931,1.080503427s,SUCCEEDED,true,Write,0,0,0,0
f1e04794-83e4-40bc-a0d8-02d1b203e14b,1663328306578523585,1663328307752964497,1.174440693s,SUCCEEDED,true,Write,0,0,0,0
f2705036-f136-482c-8f61-1fa31c65f7f9,1663328319180190357,1663328320157207460,977.01683ms,SUCCEEDED,true,Write,0,0,0,0
